/*
SQLyog v10.2 
MySQL - 5.6.38 : Database - outsourcemanage
*********************************************************************
*/

/*!40101 SET NAMES utf8 */;

/*!40101 SET SQL_MODE=''*/;

/*!40014 SET @OLD_UNIQUE_CHECKS=@@UNIQUE_CHECKS, UNIQUE_CHECKS=0 */;
/*!40014 SET @OLD_FOREIGN_KEY_CHECKS=@@FOREIGN_KEY_CHECKS, FOREIGN_KEY_CHECKS=0 */;
/*!40101 SET @OLD_SQL_MODE=@@SQL_MODE, SQL_MODE='NO_AUTO_VALUE_ON_ZERO' */;
/*!40111 SET @OLD_SQL_NOTES=@@SQL_NOTES, SQL_NOTES=0 */;
CREATE DATABASE /*!32312 IF NOT EXISTS*/`outsourcemanage` /*!40100 DEFAULT CHARACTER SET utf8 */;

USE `outsourcemanage`;

/*Table structure for table `function_position_info` */

DROP TABLE IF EXISTS `function_position_info`;

CREATE TABLE `function_position_info` (
  `function_id` int(10) unsigned NOT NULL COMMENT '功能ID',
  `function_name` varchar(100) DEFAULT NULL COMMENT '功能名称）',
  `STATUS` varchar(100) DEFAULT 'Y' COMMENT '状态（Y正常,N禁用）',
  `CREATE_TIME` timestamp NULL DEFAULT CURRENT_TIMESTAMP COMMENT '创建时间',
  `CREATE_USER_ID` varchar(100) NOT NULL COMMENT '创建人编号(SYS_USER_INFO.USER_ID)',
  `CREATE_USER_NAME` varchar(100) NOT NULL COMMENT '创建人姓名(SYS_USER_INFO.USER_NAME)',
  `CREATE_DEPART_ID` varchar(100) DEFAULT NULL COMMENT '创建人所属科室编号(SYS_DEPART_INFO.DEPART_ID)',
  `CREATE_DEPART_NAME` varchar(100) DEFAULT NULL COMMENT '创建人所属科室名称(SYS_DEPART_INFO.DEPART_NAME)',
  `LAST_UPDATE_TIME` datetime DEFAULT NULL COMMENT '最后更新时间',
  `LAST_UPDATE_USER_ID` varchar(100) DEFAULT NULL COMMENT '最后更新人编号(SYS_USER_INFO.USER_ID)',
  `LAST_UPDATE_USER_NAME` varchar(100) DEFAULT NULL COMMENT '最后更新人姓名(SYS_USER_INFO.USER_NAME)',
  `LAST_UPDATE_DEPART_ID` varchar(100) DEFAULT NULL COMMENT '最后更新所属科室编号(SYS_DEPART_INFO.DEPART_ID)',
  `LAST_UPDATE_DEPART_NAME` varchar(100) DEFAULT NULL COMMENT '最后更新所属科室名称(SYS_DEPART_INFO.DEPART_NAME)',
  PRIMARY KEY (`function_id`)
) ENGINE=InnoDB DEFAULT CHARSET=utf8;

/*Data for the table `function_position_info` */

insert  into `function_position_info`(`function_id`,`function_name`,`STATUS`,`CREATE_TIME`,`CREATE_USER_ID`,`CREATE_USER_NAME`,`CREATE_DEPART_ID`,`CREATE_DEPART_NAME`,`LAST_UPDATE_TIME`,`LAST_UPDATE_USER_ID`,`LAST_UPDATE_USER_NAME`,`LAST_UPDATE_DEPART_ID`,`LAST_UPDATE_DEPART_NAME`) values (1,'新增订单','Y','2017-11-23 10:09:04','','',NULL,NULL,NULL,NULL,NULL,NULL,NULL),(2,'订单确认','Y','2017-11-23 10:04:57','','',NULL,NULL,NULL,NULL,NULL,NULL,NULL),(3,'订单中心','Y','2017-11-23 10:09:45','','',NULL,NULL,NULL,NULL,NULL,NULL,NULL),(4,'指派订单','Y','2017-11-23 10:09:54','','',NULL,NULL,NULL,NULL,NULL,NULL,NULL),(5,'订单报价','Y','2017-11-23 10:10:04','','',NULL,NULL,NULL,NULL,NULL,NULL,NULL),(6,'订单生产','Y','2017-11-23 10:10:22','','',NULL,NULL,NULL,NULL,NULL,NULL,NULL),(7,'检验','Y','2017-11-23 10:10:29','','',NULL,NULL,NULL,NULL,NULL,NULL,NULL),(8,'完结','Y','2017-11-23 10:10:40','','',NULL,NULL,NULL,NULL,NULL,NULL,NULL);

/*Table structure for table `power_position_info` */

DROP TABLE IF EXISTS `power_position_info`;

CREATE TABLE `power_position_info` (
  `power_id` int(10) unsigned zerofill NOT NULL AUTO_INCREMENT COMMENT '权限ID',
  `position_id` varchar(100) DEFAULT NULL COMMENT '职位',
  `position_name` varchar(100) DEFAULT NULL COMMENT '职位名称',
  `function_ids` varchar(100) DEFAULT NULL COMMENT '对应权限模块',
  `STATUS` varchar(100) DEFAULT 'Y' COMMENT '状态（Y正常,N禁用）',
  `CREATE_TIME` timestamp NULL DEFAULT CURRENT_TIMESTAMP COMMENT '创建时间',
  `CREATE_USER_ID` varchar(100) NOT NULL COMMENT '创建人编号(SYS_USER_INFO.USER_ID)',
  `CREATE_USER_NAME` varchar(100) NOT NULL COMMENT '创建人姓名(SYS_USER_INFO.USER_NAME)',
  `CREATE_DEPART_ID` varchar(100) DEFAULT NULL COMMENT '创建人所属科室编号(SYS_DEPART_INFO.DEPART_ID)',
  `CREATE_DEPART_NAME` varchar(100) DEFAULT NULL COMMENT '创建人所属科室名称(SYS_DEPART_INFO.DEPART_NAME)',
  `LAST_UPDATE_TIME` datetime DEFAULT NULL COMMENT '最后更新时间',
  `LAST_UPDATE_USER_ID` varchar(100) DEFAULT NULL COMMENT '最后更新人编号(SYS_USER_INFO.USER_ID)',
  `LAST_UPDATE_USER_NAME` varchar(100) DEFAULT NULL COMMENT '最后更新人姓名(SYS_USER_INFO.USER_NAME)',
  `LAST_UPDATE_DEPART_ID` varchar(100) DEFAULT NULL COMMENT '最后更新所属科室编号(SYS_DEPART_INFO.DEPART_ID)',
  `LAST_UPDATE_DEPART_NAME` varchar(100) DEFAULT NULL COMMENT '最后更新所属科室名称(SYS_DEPART_INFO.DEPART_NAME)',
  PRIMARY KEY (`power_id`)
) ENGINE=InnoDB AUTO_INCREMENT=8 DEFAULT CHARSET=utf8;

/*Data for the table `power_position_info` */

insert  into `power_position_info`(`power_id`,`position_id`,`position_name`,`function_ids`,`STATUS`,`CREATE_TIME`,`CREATE_USER_ID`,`CREATE_USER_NAME`,`CREATE_DEPART_ID`,`CREATE_DEPART_NAME`,`LAST_UPDATE_TIME`,`LAST_UPDATE_USER_ID`,`LAST_UPDATE_USER_NAME`,`LAST_UPDATE_DEPART_ID`,`LAST_UPDATE_DEPART_NAME`) values (0000000001,'0','外协经理',',3,4,6,','Y','2017-11-23 10:03:33','','',NULL,NULL,NULL,NULL,NULL,NULL,NULL),(0000000002,'1','核价经理',',1,2,3,','Y','2017-11-23 10:03:38','','',NULL,NULL,NULL,NULL,NULL,NULL,NULL),(0000000003,'2','采购经理',',3,4,6,','Y','2017-11-23 10:03:39','','',NULL,NULL,NULL,NULL,NULL,NULL,NULL),(0000000004,'3','检验经理',',3,4,6,','Y','2017-11-23 10:03:41','','',NULL,NULL,NULL,NULL,NULL,NULL,NULL),(0000000005,'4','采购员',',3,5,6,','Y','2017-11-23 10:03:43','','',NULL,NULL,NULL,NULL,NULL,NULL,NULL),(0000000006,'5','检验员',',6,7,8,','Y','2017-11-23 10:03:45','','',NULL,NULL,NULL,NULL,NULL,NULL,NULL),(0000000007,'6','系统管理员',',1,2,3,4,5,6,7,8,','Y','2017-11-23 10:44:59','','',NULL,NULL,NULL,NULL,NULL,NULL,NULL);

/*Table structure for table `sd_basic_info` */

DROP TABLE IF EXISTS `sd_basic_info`;

CREATE TABLE `sd_basic_info` (
  `basic_id` varchar(10) NOT NULL COMMENT '基本类型信息主键',
  `basic_name` varchar(50) NOT NULL COMMENT '基本类型名称',
  `basic_type` int(11) DEFAULT NULL COMMENT '基本类型（1订单状态）',
  `basic_index` int(11) DEFAULT NULL COMMENT '类型顺序',
  `is_virtual` int(11) DEFAULT NULL COMMENT '是否虚节点（0否1是）',
  `REMARK` varchar(100) DEFAULT NULL COMMENT '备注',
  `STATUS` varchar(100) DEFAULT 'Y' COMMENT '状态（Y正常,N禁用）',
  `CREATE_TIME` timestamp NULL DEFAULT CURRENT_TIMESTAMP ON UPDATE CURRENT_TIMESTAMP COMMENT '创建时间',
  `CREATE_USER_ID` varchar(100) NOT NULL COMMENT '创建人编号(SYS_USER_INFO.USER_ID)',
  `CREATE_USER_NAME` varchar(100) NOT NULL COMMENT '创建人姓名(SYS_USER_INFO.USER_NAME)',
  `CREATE_DEPART_ID` varchar(100) DEFAULT NULL COMMENT '创建人所属科室编号(SYS_DEPART_INFO.DEPART_ID)',
  `CREATE_DEPART_NAME` varchar(100) DEFAULT NULL COMMENT '创建人所属科室名称(SYS_DEPART_INFO.DEPART_NAME)',
  `LAST_UPDATE_TIME` datetime DEFAULT NULL COMMENT '最后更新时间',
  `LAST_UPDATE_USER_ID` varchar(100) DEFAULT NULL COMMENT '最后更新人编号(SYS_USER_INFO.USER_ID)',
  `LAST_UPDATE_USER_NAME` varchar(100) DEFAULT NULL COMMENT '最后更新人姓名(SYS_USER_INFO.USER_NAME)',
  `LAST_UPDATE_DEPART_ID` varchar(100) DEFAULT NULL COMMENT '最后更新所属科室编号(SYS_DEPART_INFO.DEPART_ID)',
  `LAST_UPDATE_DEPART_NAME` varchar(100) DEFAULT NULL COMMENT '最后更新所属科室名称(SYS_DEPART_INFO.DEPART_NAME)',
  PRIMARY KEY (`basic_id`)
) ENGINE=InnoDB DEFAULT CHARSET=utf8 COMMENT='基本数据状态信息表';

/*Data for the table `sd_basic_info` */

insert  into `sd_basic_info`(`basic_id`,`basic_name`,`basic_type`,`basic_index`,`is_virtual`,`REMARK`,`STATUS`,`CREATE_TIME`,`CREATE_USER_ID`,`CREATE_USER_NAME`,`CREATE_DEPART_ID`,`CREATE_DEPART_NAME`,`LAST_UPDATE_TIME`,`LAST_UPDATE_USER_ID`,`LAST_UPDATE_USER_NAME`,`LAST_UPDATE_DEPART_ID`,`LAST_UPDATE_DEPART_NAME`) values ('001','新建订单',1,1,0,'','Y','2017-09-25 11:45:54','0000000001','系统管理员','001','单位',NULL,NULL,NULL,NULL,NULL),('002','订单确认',1,2,1,'待确认','Y','2017-09-25 11:45:56','0000000001','系统管理员','001','单位',NULL,NULL,NULL,NULL,NULL),('003','采购指派',1,3,1,'待分配(采购经理分配)','Y','2017-09-25 11:45:57','0000000001','系统管理员','001','单位',NULL,NULL,NULL,NULL,NULL),('004','待报价',1,4,1,'待报价','Y','2017-09-25 11:45:57','0000000001','系统管理员','001','单位',NULL,NULL,NULL,NULL,NULL),('005','报价核定中',1,5,1,'采购员报价','Y','2017-09-25 11:45:58','0000000001','系统管理员','001','单位',NULL,NULL,NULL,NULL,NULL),('006','检验指派',1,6,1,'待分配(检验经理分配)','Y','2017-09-25 11:45:59','0000000001','系统管理员','001','单位',NULL,NULL,NULL,NULL,NULL),('007','配料',1,7,1,'','Y','2017-09-25 11:46:00','0000000001','系统管理员','001','单位',NULL,NULL,NULL,NULL,NULL),('008','裁切',1,8,1,'','Y','2017-09-25 11:46:00','0000000001','系统管理员','001','单位',NULL,NULL,NULL,NULL,NULL),('009','生产',1,9,1,'','Y','2017-09-25 11:46:01','0000000001','系统管理员','001','单位',NULL,NULL,NULL,NULL,NULL),('010','完成',1,10,1,'','Y','2017-09-25 11:46:02','0000000001','系统管理员','001','单位',NULL,NULL,NULL,NULL,NULL),('011','验收通过',1,11,1,'','Y','2017-11-27 15:23:24','0000000001','系统管理员','001','单位',NULL,NULL,NULL,NULL,NULL),('012','完结',1,12,1,'','Y','2017-10-09 17:53:10','0000000001','系统管理员','001','单位',NULL,NULL,NULL,NULL,NULL),('013','订单异常',1,13,0,'','Y','2017-09-25 11:46:05','0000000001','系统管理员','001','单位',NULL,NULL,NULL,NULL,NULL),('014','验收不通过',1,14,0,'','Y','2017-09-25 11:46:07','0000000001','系统管理员','001','单位',NULL,NULL,NULL,NULL,NULL);

/*Table structure for table `sd_customer_info` */

DROP TABLE IF EXISTS `sd_customer_info`;

CREATE TABLE `sd_customer_info` (
  `customer_id` int(10) NOT NULL AUTO_INCREMENT COMMENT '客户主键',
  `customer_name` varchar(100) DEFAULT NULL COMMENT '客户名称',
  `customer_address` varchar(100) DEFAULT NULL COMMENT '客户地址',
  `REMARK` varchar(100) DEFAULT NULL COMMENT '备注',
  `STATUS` varchar(100) DEFAULT 'Y' COMMENT '状态（Y正常,N禁用）',
  `CREATE_TIME` datetime DEFAULT NULL COMMENT '创建时间',
  `CREATE_USER_ID` varchar(100) NOT NULL COMMENT '创建人编号(SYS_USER_INFO.USER_ID)',
  `CREATE_USER_NAME` varchar(100) NOT NULL COMMENT '创建人姓名(SYS_USER_INFO.USER_NAME)',
  `CREATE_DEPART_ID` varchar(100) DEFAULT NULL COMMENT '创建人所属科室编号(SYS_DEPART_INFO.DEPART_ID)',
  `CREATE_DEPART_NAME` varchar(100) DEFAULT NULL COMMENT '创建人所属科室名称(SYS_DEPART_INFO.DEPART_NAME)',
  `LAST_UPDATE_TIME` datetime DEFAULT NULL COMMENT '最后更新时间',
  `LAST_UPDATE_USER_ID` varchar(100) DEFAULT NULL COMMENT '最后更新人编号(SYS_USER_INFO.USER_ID)',
  `LAST_UPDATE_USER_NAME` varchar(100) DEFAULT NULL COMMENT '最后更新人姓名(SYS_USER_INFO.USER_NAME)',
  `LAST_UPDATE_DEPART_ID` varchar(100) DEFAULT NULL COMMENT '最后更新所属科室编号(SYS_DEPART_INFO.DEPART_ID)',
  `LAST_UPDATE_DEPART_NAME` varchar(100) DEFAULT NULL COMMENT '最后更新所属科室名称(SYS_DEPART_INFO.DEPART_NAME)',
  `sd_id` varchar(100) DEFAULT NULL,
  PRIMARY KEY (`customer_id`)
) ENGINE=InnoDB AUTO_INCREMENT=83 DEFAULT CHARSET=utf8 COMMENT='客户信息表';

/*Data for the table `sd_customer_info` */

insert  into `sd_customer_info`(`customer_id`,`customer_name`,`customer_address`,`REMARK`,`STATUS`,`CREATE_TIME`,`CREATE_USER_ID`,`CREATE_USER_NAME`,`CREATE_DEPART_ID`,`CREATE_DEPART_NAME`,`LAST_UPDATE_TIME`,`LAST_UPDATE_USER_ID`,`LAST_UPDATE_USER_NAME`,`LAST_UPDATE_DEPART_ID`,`LAST_UPDATE_DEPART_NAME`,`sd_id`) values (61,'九龙湾','九龙湾','','Y','2018-01-02 14:26:17','0000000001','系统管理员','','',NULL,NULL,NULL,NULL,NULL,NULL),(62,'大河公司','江苏','','Y','2018-01-02 14:26:45','0000000001','系统管理员','','',NULL,NULL,NULL,NULL,NULL,NULL),(63,'六智公司','上海','','Y','2018-01-02 14:27:18','0000000001','系统管理员','','',NULL,NULL,NULL,NULL,NULL,NULL),(64,'测试客户1','上海',NULL,'Y','2018-01-02 14:47:06','0000003511','刘备（外协经理）','','',NULL,NULL,NULL,NULL,NULL,NULL),(65,'测试客户2','上海',NULL,'Y','2018-01-02 14:48:34','0000003511','刘备（外协经理）','','',NULL,NULL,NULL,NULL,NULL,NULL),(66,'测试客户3','上海',NULL,'Y','2018-01-02 15:18:39','0000003516','曹操（核价经理）','','',NULL,NULL,NULL,NULL,NULL,NULL),(67,'测试客户三','宝山区',NULL,'Y','2018-01-02 15:29:51','0000003516','曹操（核价经理）','','',NULL,NULL,NULL,NULL,NULL,NULL),(68,'测试客户1-2','苏州',NULL,'Y','2018-01-02 16:50:43','0000003516','曹操（核价经理）','','',NULL,NULL,NULL,NULL,NULL,NULL),(69,'20180103测试','苏州',NULL,'Y','2018-01-03 17:41:10','0000003516','曹操（核价经理）','','',NULL,NULL,NULL,NULL,NULL,NULL),(70,'123','123',NULL,'Y','2018-01-03 18:17:34','0000003516','曹操（核价经理）','','',NULL,NULL,NULL,NULL,NULL,NULL),(71,'456','456',NULL,'Y','2018-01-03 18:18:04','0000003516','曹操（核价经理）','','',NULL,NULL,NULL,NULL,NULL,NULL),(72,'蘑菇','哦哦',NULL,'Y','2018-01-03 18:35:08','0000003516','曹操（核价经理）','','',NULL,NULL,NULL,NULL,NULL,NULL),(73,'111','111',NULL,'Y','2018-01-03 18:37:25','0000003516','曹操（核价经理）','','',NULL,NULL,NULL,NULL,NULL,NULL),(74,'测试返回','测试返回',NULL,'Y','2018-01-03 18:39:38','0000003516','曹操（核价经理）','','',NULL,NULL,NULL,NULL,NULL,NULL),(75,'简约至上','宝山',NULL,'Y','2018-01-08 14:21:03','0000003516','曹操（核价经理）','','',NULL,NULL,NULL,NULL,NULL,NULL),(76,'斧钺钩叉','上海',NULL,'Y','2018-01-08 14:22:05','0000003516','曹操（核价经理）','','',NULL,NULL,NULL,NULL,NULL,NULL),(77,'修改订单','2316525',NULL,'Y','2018-01-10 14:52:24','0000003516','曹操（核价经理）','','',NULL,NULL,NULL,NULL,NULL,NULL),(78,'123213213','123123123',NULL,'Y','2018-01-24 10:58:42','0000003516','曹操（核价经理）','','',NULL,NULL,NULL,NULL,NULL,NULL),(79,'666666','sssssss',NULL,'Y','2018-01-24 11:00:20','0000003516','曹操（核价经理）','','',NULL,NULL,NULL,NULL,NULL,NULL),(80,'123123123123','123123123',NULL,'Y','2018-01-24 11:03:15','0000003516','曹操（核价经理）','','',NULL,NULL,NULL,NULL,NULL,NULL),(81,'123123啊实打实的','123123',NULL,'Y','2018-01-24 11:05:42','0000003516','曹操（核价经理）','','',NULL,NULL,NULL,NULL,NULL,NULL),(82,'aaaaaaaaa','1231231',NULL,'Y','2018-01-24 13:38:43','0000003516','曹操（核价经理）','','',NULL,NULL,NULL,NULL,NULL,NULL);

/*Table structure for table `sd_flow_detail` */

DROP TABLE IF EXISTS `sd_flow_detail`;

CREATE TABLE `sd_flow_detail` (
  `FLOW_DETAIL_ID` varchar(10) NOT NULL,
  `FLOW_BASE_ID` varchar(10) NOT NULL,
  `FUNCTION_ID` varchar(100) NOT NULL,
  `FLOW_DETAIL_NAME` varchar(100) DEFAULT NULL,
  `FLOW_ORDER` int(11) DEFAULT '0',
  `FLOW_OPERATE_FUNCTION_ID` varchar(1000) DEFAULT NULL,
  `FLOW_UNION_FILED` varchar(100) DEFAULT NULL,
  PRIMARY KEY (`FLOW_DETAIL_ID`)
) ENGINE=InnoDB DEFAULT CHARSET=utf8;

/*Data for the table `sd_flow_detail` */

/*Table structure for table `sd_flow_info` */

DROP TABLE IF EXISTS `sd_flow_info`;

CREATE TABLE `sd_flow_info` (
  `FLOW_BASE_ID` varchar(10) NOT NULL,
  `FLOW_NAME` varchar(100) NOT NULL,
  `SYSTEM_INFO_ID` varchar(100) DEFAULT NULL,
  `FLOW_DESC` varchar(100) DEFAULT 'Y',
  `FLOW_START_FUNCTION_ID` varchar(1000) DEFAULT NULL,
  PRIMARY KEY (`FLOW_BASE_ID`)
) ENGINE=InnoDB DEFAULT CHARSET=utf8;

/*Data for the table `sd_flow_info` */

/*Table structure for table `sd_order_assign` */

DROP TABLE IF EXISTS `sd_order_assign`;

CREATE TABLE `sd_order_assign` (
  `order_assign_id` int(10) NOT NULL AUTO_INCREMENT COMMENT '订单指派主键',
  `order_id` varchar(100) NOT NULL COMMENT '订单主键',
  `assign_user_id` varchar(100) DEFAULT NULL COMMENT '指派人',
  `accept_user_name` varchar(100) DEFAULT NULL COMMENT '接受人',
  `is_look` varchar(2) DEFAULT NULL COMMENT '是否查看(0否1是)',
  `look_date` datetime DEFAULT NULL COMMENT '查看日期',
  `assign_type` varchar(2) DEFAULT '1' COMMENT '指派类型（1采购指派，2检验指派）',
  `REMARK` varchar(100) DEFAULT NULL COMMENT '备注',
  `STATUS` varchar(2) DEFAULT 'Y' COMMENT '状态（Y正常,N禁用）',
  `CREATE_TIME` timestamp NULL DEFAULT CURRENT_TIMESTAMP ON UPDATE CURRENT_TIMESTAMP COMMENT '创建时间',
  `CREATE_USER_ID` varchar(100) NOT NULL COMMENT '创建人编号(SYS_USER_INFO.USER_ID)',
  `CREATE_USER_NAME` varchar(100) NOT NULL COMMENT '创建人姓名(SYS_USER_INFO.USER_NAME)',
  `CREATE_DEPART_ID` varchar(100) DEFAULT NULL COMMENT '创建人所属科室编号(SYS_DEPART_INFO.DEPART_ID)',
  `CREATE_DEPART_NAME` varchar(100) DEFAULT NULL COMMENT '创建人所属科室名称(SYS_DEPART_INFO.DEPART_NAME)',
  `LAST_UPDATE_TIME` datetime DEFAULT NULL COMMENT '最后更新时间',
  `LAST_UPDATE_USER_ID` varchar(100) DEFAULT NULL COMMENT '最后更新人编号(SYS_USER_INFO.USER_ID)',
  `LAST_UPDATE_USER_NAME` varchar(100) DEFAULT NULL COMMENT '最后更新人姓名(SYS_USER_INFO.USER_NAME)',
  `LAST_UPDATE_DEPART_ID` varchar(100) DEFAULT NULL COMMENT '最后更新所属科室编号(SYS_DEPART_INFO.DEPART_ID)',
  `LAST_UPDATE_DEPART_NAME` varchar(100) DEFAULT NULL COMMENT '最后更新所属科室名称(SYS_DEPART_INFO.DEPART_NAME)',
  `sd_id` varchar(10) DEFAULT NULL COMMENT '系统框架主键',
  PRIMARY KEY (`order_assign_id`)
) ENGINE=InnoDB AUTO_INCREMENT=131 DEFAULT CHARSET=utf8 COMMENT='订单指派信息表';

/*Data for the table `sd_order_assign` */

insert  into `sd_order_assign`(`order_assign_id`,`order_id`,`assign_user_id`,`accept_user_name`,`is_look`,`look_date`,`assign_type`,`REMARK`,`STATUS`,`CREATE_TIME`,`CREATE_USER_ID`,`CREATE_USER_NAME`,`CREATE_DEPART_ID`,`CREATE_DEPART_NAME`,`LAST_UPDATE_TIME`,`LAST_UPDATE_USER_ID`,`LAST_UPDATE_USER_NAME`,`LAST_UPDATE_DEPART_ID`,`LAST_UPDATE_DEPART_NAME`,`sd_id`) values (104,'85','0000003512','0000003514','0',NULL,'1',NULL,'Y','2018-01-02 15:31:05','0000003512','张飞（采购经理）','','',NULL,NULL,NULL,NULL,NULL,NULL),(105,'86','0000003511','0000003514','0',NULL,'1',NULL,'Y','2018-01-02 15:31:33','0000003511','刘备（外协经理）','','',NULL,NULL,NULL,NULL,NULL,NULL),(106,'86','0000003513','0000003515','0',NULL,'2',NULL,'Y','2018-01-02 15:50:19','0000003513','关羽（检验经理）','','',NULL,NULL,NULL,NULL,NULL,NULL),(107,'85','0000003513','0000003515','0',NULL,'2',NULL,'Y','2018-01-02 15:51:03','0000003513','关羽（检验经理）','','',NULL,NULL,NULL,NULL,NULL,NULL),(108,'85','0000003513','0000003515','0',NULL,'2',NULL,'Y','2018-01-02 16:05:15','0000003513','关羽（检验经理）','','',NULL,NULL,NULL,NULL,NULL,NULL),(109,'83','0000003512','0000003514','0',NULL,'1',NULL,'Y','2018-01-02 16:19:09','0000003512','张飞（采购经理）','','',NULL,NULL,NULL,NULL,NULL,NULL),(110,'84','0000003512','0000003514','0',NULL,'1',NULL,'Y','2018-01-02 16:19:17','0000003512','张飞（采购经理）','','',NULL,NULL,NULL,NULL,NULL,NULL),(111,'83','0000003513','0000003515','0',NULL,'2',NULL,'Y','2018-01-02 16:22:49','0000003513','关羽（检验经理）','','',NULL,NULL,NULL,NULL,NULL,NULL),(112,'84','0000003513','0000003515','0',NULL,'2',NULL,'Y','2018-01-02 16:22:59','0000003513','关羽（检验经理）','','',NULL,NULL,NULL,NULL,NULL,NULL),(113,'87','0000003511','0000003514','0',NULL,'1',NULL,'Y','2018-01-02 17:00:21','0000003511','刘备（外协经理）','','',NULL,NULL,NULL,NULL,NULL,NULL),(114,'88','0000003512','0000003514','0',NULL,'1',NULL,'Y','2018-01-03 17:51:47','0000003512','张飞（采购经理）','','',NULL,NULL,NULL,NULL,NULL,NULL),(115,'89','0000003511','0000003514','0',NULL,'1',NULL,'Y','2018-01-03 18:18:53','0000003511','刘备（外协经理）','','',NULL,NULL,NULL,NULL,NULL,NULL),(116,'90','0000003511','0000003514','0',NULL,'1',NULL,'Y','2018-01-03 18:19:04','0000003511','刘备（外协经理）','','',NULL,NULL,NULL,NULL,NULL,NULL),(117,'91','0000003511','0000003514','0',NULL,'1',NULL,'Y','2018-01-03 18:39:12','0000003511','刘备（外协经理）','','',NULL,NULL,NULL,NULL,NULL,NULL),(118,'92','0000003511','0000003514','0',NULL,'1',NULL,'Y','2018-01-03 18:39:22','0000003511','刘备（外协经理）','','',NULL,NULL,NULL,NULL,NULL,NULL),(119,'92','0000003511','0000003514','0',NULL,'1',NULL,'Y','2018-01-03 18:39:33','0000003511','刘备（外协经理）','','',NULL,NULL,NULL,NULL,NULL,NULL),(120,'93','0000003511','0000003514','0',NULL,'1',NULL,'Y','2018-01-03 18:44:20','0000003511','刘备（外协经理）','','',NULL,NULL,NULL,NULL,NULL,NULL),(121,'92','0000003513','0000003515','0',NULL,'2',NULL,'Y','2018-01-05 14:49:18','0000003513','关羽（检验经理）','','',NULL,NULL,NULL,NULL,NULL,NULL),(122,'94','0000003511','0000003514','0',NULL,'1',NULL,'Y','2018-01-08 14:24:44','0000003511','刘备（外协经理）','','',NULL,NULL,NULL,NULL,NULL,NULL),(123,'95','0000003511','0000003514','0',NULL,'1',NULL,'Y','2018-01-08 14:24:54','0000003511','刘备（外协经理）','','',NULL,NULL,NULL,NULL,NULL,NULL),(124,'92','0000003513','0000003515','0',NULL,'2',NULL,'Y','2018-01-08 14:27:44','0000003513','关羽（检验经理）','','',NULL,NULL,NULL,NULL,NULL,NULL),(125,'95','0000003513','0000003515','0',NULL,'2',NULL,'Y','2018-01-08 14:27:53','0000003513','关羽（检验经理）','','',NULL,NULL,NULL,NULL,NULL,NULL),(126,'94','0000003513','0000003515','0',NULL,'2',NULL,'Y','2018-01-08 14:28:00','0000003513','关羽（检验经理）','','',NULL,NULL,NULL,NULL,NULL,NULL),(127,'91','0000003513','0000003515','0',NULL,'2',NULL,'Y','2018-01-08 14:28:09','0000003513','关羽（检验经理）','','',NULL,NULL,NULL,NULL,NULL,NULL),(128,'96','0000003512','0000003514','0',NULL,'1',NULL,'Y','2018-01-10 14:53:19','0000003512','张飞（采购经理）','','',NULL,NULL,NULL,NULL,NULL,NULL),(129,'99','0000003511','0000003514','0',NULL,'1',NULL,'Y','2018-01-24 11:19:31','0000003511','刘备（外协经理）','','',NULL,NULL,NULL,NULL,NULL,NULL),(130,'100','0000003511','0000003514','0',NULL,'1',NULL,'Y','2018-01-24 13:31:18','0000003511','刘备（外协经理）','','',NULL,NULL,NULL,NULL,NULL,NULL);

/*Table structure for table `sd_order_complain` */

DROP TABLE IF EXISTS `sd_order_complain`;

CREATE TABLE `sd_order_complain` (
  `order_complain_id` int(10) NOT NULL AUTO_INCREMENT COMMENT '订单意见投诉主键',
  `order_id` varchar(10) NOT NULL COMMENT '订单主键',
  `complain_content` varchar(1000) NOT NULL COMMENT '投诉内容',
  `data_state` varchar(10) NOT NULL COMMENT '订单当前状态',
  `data_state_name` varchar(10) DEFAULT NULL COMMENT '订单当前状态名称',
  `REMARK` varchar(100) DEFAULT NULL COMMENT '备注',
  `STATUS` varchar(2) DEFAULT 'Y' COMMENT '状态（Y正常,N禁用）',
  `CREATE_TIME` timestamp NULL DEFAULT CURRENT_TIMESTAMP ON UPDATE CURRENT_TIMESTAMP COMMENT '创建时间',
  `CREATE_USER_ID` varchar(100) NOT NULL COMMENT '创建人编号(SYS_USER_INFO.USER_ID)',
  `CREATE_USER_NAME` varchar(100) NOT NULL COMMENT '创建人姓名(SYS_USER_INFO.USER_NAME)',
  `CREATE_DEPART_ID` varchar(100) DEFAULT NULL COMMENT '创建人所属科室编号(SYS_DEPART_INFO.DEPART_ID)',
  `CREATE_DEPART_NAME` varchar(100) DEFAULT NULL COMMENT '创建人所属科室名称(SYS_DEPART_INFO.DEPART_NAME)',
  `sd_id` varchar(10) DEFAULT NULL COMMENT '系统框架主键',
  PRIMARY KEY (`order_complain_id`)
) ENGINE=InnoDB DEFAULT CHARSET=utf8 COMMENT='订单意见投诉信息表';

/*Data for the table `sd_order_complain` */

/*Table structure for table `sd_order_detail_info` */

DROP TABLE IF EXISTS `sd_order_detail_info`;

CREATE TABLE `sd_order_detail_info` (
  `detail_order_id` int(10) NOT NULL AUTO_INCREMENT COMMENT '订单明细主键',
  `order_id` int(10) NOT NULL COMMENT '订单主键',
  `product_id` int(11) DEFAULT NULL COMMENT '产品主键',
  `customer_supplies` varchar(20) NOT NULL COMMENT '客户料号',
  `product_code` varchar(100) DEFAULT NULL COMMENT '产品代码',
  `product_name` varchar(100) DEFAULT NULL COMMENT '产品名称',
  `detail_length` varchar(100) DEFAULT NULL COMMENT '长',
  `detail_width` varchar(100) DEFAULT NULL COMMENT '宽',
  `detail_height` varchar(100) DEFAULT NULL COMMENT '高',
  `is_lid` varchar(100) DEFAULT NULL COMMENT '是否带盖(0是,1否)',
  `price` varchar(100) DEFAULT NULL COMMENT '单价',
  `number` varchar(100) DEFAULT NULL COMMENT '数量',
  `cost_price` varchar(100) DEFAULT NULL COMMENT '成本价',
  `product_type_id` varchar(100) DEFAULT NULL COMMENT '类别(product_type.product_type_id)',
  `product_grade_id` varchar(100) DEFAULT NULL COMMENT '材质(product_grade.product_grade_id)',
  `immediately_inventory` varchar(100) DEFAULT NULL COMMENT '即时库存',
  `discount_before_sum` varchar(100) DEFAULT NULL COMMENT '整单折前金额',
  `money` varchar(100) DEFAULT NULL COMMENT '金额',
  `tax_rate` varchar(100) DEFAULT NULL COMMENT '税率',
  `sell_tax` varchar(100) DEFAULT NULL COMMENT '销售税额',
  `practical_sell_price` varchar(100) DEFAULT NULL COMMENT '实际含税价',
  `price_sell_sum` varchar(100) DEFAULT NULL COMMENT '价税合计',
  `relevance_number` varchar(100) DEFAULT NULL COMMENT '关联数量',
  `take_out_number` varchar(100) DEFAULT NULL COMMENT '出库数量',
  `bom_type` varchar(100) DEFAULT NULL COMMENT 'BOM类别',
  `file_url` varchar(100) DEFAULT NULL COMMENT '附件上传地址',
  `file_name` varchar(100) DEFAULT NULL COMMENT '文件名称',
  `REMARK` varchar(100) DEFAULT NULL COMMENT '备注',
  `STATUS` varchar(2) DEFAULT 'Y' COMMENT '状态（Y正常,N禁用）',
  `CREATE_TIME` timestamp NULL DEFAULT CURRENT_TIMESTAMP ON UPDATE CURRENT_TIMESTAMP COMMENT '创建时间',
  `CREATE_USER_ID` varchar(100) NOT NULL COMMENT '创建人编号(SYS_USER_INFO.USER_ID)',
  `CREATE_USER_NAME` varchar(100) NOT NULL COMMENT '创建人姓名(SYS_USER_INFO.USER_NAME)',
  `CREATE_DEPART_ID` varchar(100) DEFAULT NULL COMMENT '创建人所属科室编号(SYS_DEPART_INFO.DEPART_ID)',
  `CREATE_DEPART_NAME` varchar(100) DEFAULT NULL COMMENT '创建人所属科室名称(SYS_DEPART_INFO.DEPART_NAME)',
  `LAST_UPDATE_TIME` datetime DEFAULT NULL COMMENT '最后更新时间',
  `LAST_UPDATE_USER_ID` varchar(100) DEFAULT NULL COMMENT '最后更新人编号(SYS_USER_INFO.USER_ID)',
  `LAST_UPDATE_USER_NAME` varchar(100) DEFAULT NULL COMMENT '最后更新人姓名(SYS_USER_INFO.USER_NAME)',
  `LAST_UPDATE_DEPART_ID` varchar(100) DEFAULT NULL COMMENT '最后更新所属科室编号(SYS_DEPART_INFO.DEPART_ID)',
  `LAST_UPDATE_DEPART_NAME` varchar(100) DEFAULT NULL COMMENT '最后更新所属科室名称(SYS_DEPART_INFO.DEPART_NAME)',
  `sd_id` varchar(10) DEFAULT NULL COMMENT '系统框架主键',
  PRIMARY KEY (`detail_order_id`)
) ENGINE=InnoDB AUTO_INCREMENT=99 DEFAULT CHARSET=utf8 COMMENT='订单产品详情信息表';

/*Data for the table `sd_order_detail_info` */

insert  into `sd_order_detail_info`(`detail_order_id`,`order_id`,`product_id`,`customer_supplies`,`product_code`,`product_name`,`detail_length`,`detail_width`,`detail_height`,`is_lid`,`price`,`number`,`cost_price`,`product_type_id`,`product_grade_id`,`immediately_inventory`,`discount_before_sum`,`money`,`tax_rate`,`sell_tax`,`practical_sell_price`,`price_sell_sum`,`relevance_number`,`take_out_number`,`bom_type`,`file_url`,`file_name`,`REMARK`,`STATUS`,`CREATE_TIME`,`CREATE_USER_ID`,`CREATE_USER_NAME`,`CREATE_DEPART_ID`,`CREATE_DEPART_NAME`,`LAST_UPDATE_TIME`,`LAST_UPDATE_USER_ID`,`LAST_UPDATE_USER_NAME`,`LAST_UPDATE_DEPART_ID`,`LAST_UPDATE_DEPART_NAME`,`sd_id`) values (80,83,74,'','0001','大板','1','1','1','0','','','0.00','11','16','','','','','','','','','','','download.do?fileName=Tulips.jpg','Tulips.jpg',NULL,NULL,'2018-01-02 14:47:06','0000003511','刘备（外协经理）','','',NULL,NULL,NULL,NULL,NULL,NULL),(81,84,71,'001','00101','产品1','100','100','100','1','','',NULL,'11','16','','','','','','','','','','',NULL,NULL,NULL,NULL,'2018-01-02 14:48:34','0000003511','刘备（外协经理）','','',NULL,NULL,NULL,NULL,NULL,NULL),(82,85,75,'','1111','产品n','11111','111','111','0','','','1111','11','16','','','','','','','','','','',NULL,NULL,NULL,NULL,'2018-01-02 15:18:39','0000003516','曹操（核价经理）','','',NULL,NULL,NULL,NULL,NULL,NULL),(83,86,76,'','23232','神神道道','1000','11','111','0','','','1000','12','17','','','','','','','','','','',NULL,NULL,NULL,NULL,'2018-01-02 15:29:51','0000003516','曹操（核价经理）','','',NULL,NULL,NULL,NULL,NULL,NULL),(84,87,77,'','ll33','栈板','1200','500','500','0','','','','11','16','','','','','','','','','','',NULL,NULL,NULL,NULL,'2018-01-02 16:50:43','0000003516','曹操（核价经理）','','',NULL,NULL,NULL,NULL,NULL,NULL),(85,88,77,'','ll33','栈板','1200','500','500','0','','','','11','16','','','','','','','','','','',NULL,NULL,NULL,NULL,'2018-01-03 17:41:10','0000003516','曹操（核价经理）','','',NULL,NULL,NULL,NULL,NULL,NULL),(86,89,78,'','123','123','123','123','123','1','','','123','11','16','','','','','','','','','','',NULL,NULL,NULL,NULL,'2018-01-03 18:17:34','0000003516','曹操（核价经理）','','',NULL,NULL,NULL,NULL,NULL,NULL),(87,90,79,'56','456','456','4564','456','456','0','','','456','12','16','','','','','','','','','','',NULL,NULL,NULL,NULL,'2018-01-03 18:18:04','0000003516','曹操（核价经理）','','',NULL,NULL,NULL,NULL,NULL,NULL),(88,91,80,'','111111','弄','1','1','1','0','','','','12','18','','','','','','','','','','',NULL,NULL,NULL,NULL,'2018-01-03 18:35:08','0000003516','曹操（核价经理）','','',NULL,NULL,NULL,NULL,NULL,NULL),(89,92,81,'','11','111','111','111','11','0','','','111','11','16','','','','','','','','','','',NULL,NULL,NULL,NULL,'2018-01-03 18:37:25','0000003516','曹操（核价经理）','','',NULL,NULL,NULL,NULL,NULL,NULL),(90,93,82,'','123','测试返回','123','123','123','1','','','123','11','16','','','','','','','','','','',NULL,NULL,NULL,NULL,'2018-01-03 18:39:38','0000003516','曹操（核价经理）','','',NULL,NULL,NULL,NULL,NULL,NULL),(91,94,83,'','34343','刀枪剑戟','1','1','1','0','','','******','11','17','','','','','','','','','','',NULL,NULL,NULL,NULL,'2018-01-08 14:24:16','0000003516','曹操（核价经理）','','',NULL,'0000003511','刘备（外协经理）',NULL,NULL,NULL),(92,95,84,'','1110','似懂非懂','1','1','1','1','','','1000','12','18','','','','','','','','','','',NULL,NULL,NULL,NULL,'2018-01-08 14:22:05','0000003516','曹操（核价经理）','','',NULL,NULL,NULL,NULL,NULL,NULL),(93,96,85,'','ddsf','dfdf ','1200','200','1200','0','','','5114','11','16','','','','','','','','','','',NULL,NULL,NULL,NULL,'2018-01-10 14:52:24','0000003516','曹操（核价经理）','','',NULL,NULL,NULL,NULL,NULL,NULL),(94,97,86,'','asdas','sdsd','asdas','asdas','asd','0','','','asd','12','16','','','','','','','','','','',NULL,NULL,NULL,NULL,'2018-01-24 10:58:42','0000003516','曹操（核价经理）','','',NULL,NULL,NULL,NULL,NULL,NULL),(95,98,87,'','123123','sssss','12321','12323','234','0','','','34343','11','16','','','','','','','','','','',NULL,NULL,NULL,NULL,'2018-01-24 11:00:20','0000003516','曹操（核价经理）','','',NULL,NULL,NULL,NULL,NULL,NULL),(96,99,88,'','123123','123123','123123','123123','123123','0','123123','123123','123123','11','16','','','123','123','','','','123','','',NULL,NULL,NULL,NULL,'2018-01-24 11:03:16','0000003516','曹操（核价经理）','','',NULL,NULL,NULL,NULL,NULL,NULL),(97,100,89,'1231','123123','3123123','2312','231231','1231231','1','','','','11','17','','','','','','','','','','',NULL,NULL,NULL,NULL,'2018-01-24 13:32:11','0000003516','曹操（核价经理）','','',NULL,'0000003516','曹操（核价经理）',NULL,NULL,NULL),(98,101,88,'123','123123','123123','123123','123123','123123','1','','','123123','11','16','','','','','','','','','','',NULL,NULL,NULL,NULL,'2018-01-24 13:38:43','0000003516','曹操（核价经理）','','',NULL,NULL,NULL,NULL,NULL,NULL);

/*Table structure for table `sd_order_info` */

DROP TABLE IF EXISTS `sd_order_info`;

CREATE TABLE `sd_order_info` (
  `order_id` int(10) NOT NULL AUTO_INCREMENT COMMENT '主键',
  `order_nuber` varchar(11) NOT NULL COMMENT '订单编号(AJyyMMdd001)',
  `customer_no` varchar(100) DEFAULT NULL COMMENT '客户订单编号',
  `customer_id` varchar(100) DEFAULT NULL COMMENT '客户主键',
  `customer_name` varchar(100) DEFAULT NULL COMMENT '客户名称',
  `customer_address` varchar(100) DEFAULT NULL COMMENT '客户地址',
  `delivery_date` varchar(100) DEFAULT NULL COMMENT '交货日期',
  `suggest_delivery_date` varchar(100) DEFAULT NULL COMMENT '建议交货日期',
  `order_price` varchar(100) DEFAULT NULL COMMENT '订单价格',
  `cost_price` varchar(100) DEFAULT NULL COMMENT '成本价格',
  `commercial_price` varchar(100) DEFAULT NULL COMMENT '商务报价',
  `procurement_user_id` varchar(10) DEFAULT NULL COMMENT '采购经理',
  `checkout_user_id` varchar(10) DEFAULT NULL COMMENT '检验经理',
  `confirm_user_id` varchar(10) DEFAULT NULL COMMENT '确认人编号',
  `data_state` varchar(10) DEFAULT NULL COMMENT '数据状态',
  `quote_status` varchar(2) DEFAULT 'N' COMMENT '报价状态（Y/N）',
  `REMARK` varchar(100) DEFAULT NULL COMMENT '备注',
  `STATUS` varchar(2) DEFAULT 'Y' COMMENT '状态（Y正常,N禁用,F废弃）',
  `CREATE_TIME` timestamp NULL DEFAULT CURRENT_TIMESTAMP ON UPDATE CURRENT_TIMESTAMP COMMENT '创建时间',
  `CREATE_USER_ID` varchar(100) NOT NULL COMMENT '创建人编号(SYS_USER_INFO.USER_ID)',
  `CREATE_USER_NAME` varchar(100) NOT NULL COMMENT '创建人姓名(SYS_USER_INFO.USER_NAME)',
  `CREATE_DEPART_ID` varchar(100) DEFAULT NULL COMMENT '创建人所属科室编号(SYS_DEPART_INFO.DEPART_ID)',
  `CREATE_DEPART_NAME` varchar(100) DEFAULT NULL COMMENT '创建人所属科室名称(SYS_DEPART_INFO.DEPART_NAME)',
  `LAST_UPDATE_TIME` datetime DEFAULT NULL COMMENT '最后更新时间',
  `LAST_UPDATE_USER_ID` varchar(100) DEFAULT NULL COMMENT '最后更新人编号(SYS_USER_INFO.USER_ID)',
  `LAST_UPDATE_USER_NAME` varchar(100) DEFAULT NULL COMMENT '最后更新人姓名(SYS_USER_INFO.USER_NAME)',
  `LAST_UPDATE_DEPART_ID` varchar(100) DEFAULT NULL COMMENT '最后更新所属科室编号(SYS_DEPART_INFO.DEPART_ID)',
  `LAST_UPDATE_DEPART_NAME` varchar(100) DEFAULT NULL COMMENT '最后更新所属科室名称(SYS_DEPART_INFO.DEPART_NAME)',
  `sd_id` varchar(10) DEFAULT NULL COMMENT '系统框架主键',
  PRIMARY KEY (`order_id`)
) ENGINE=InnoDB AUTO_INCREMENT=102 DEFAULT CHARSET=utf8 COMMENT='订单基本信息表';

/*Data for the table `sd_order_info` */

insert  into `sd_order_info`(`order_id`,`order_nuber`,`customer_no`,`customer_id`,`customer_name`,`customer_address`,`delivery_date`,`suggest_delivery_date`,`order_price`,`cost_price`,`commercial_price`,`procurement_user_id`,`checkout_user_id`,`confirm_user_id`,`data_state`,`quote_status`,`REMARK`,`STATUS`,`CREATE_TIME`,`CREATE_USER_ID`,`CREATE_USER_NAME`,`CREATE_DEPART_ID`,`CREATE_DEPART_NAME`,`LAST_UPDATE_TIME`,`LAST_UPDATE_USER_ID`,`LAST_UPDATE_USER_NAME`,`LAST_UPDATE_DEPART_ID`,`LAST_UPDATE_DEPART_NAME`,`sd_id`) values (83,'AJ180102001','100100101','64','测试客户1','上海','2018-01-02','','','2000','','0000003512','0000003513',NULL,'12','Y',NULL,'N','2018-01-02 16:24:28','0000003511','刘备（外协经理）','','','2018-01-02 16:24:28','0000003515','貂蝉（检验员）',NULL,NULL,NULL),(84,'AJ180102002','01010101','65','测试客户2','上海','2018-01-02','','','3000','','0000003512','0000003513',NULL,'12','Y',NULL,'N','2018-01-02 16:24:17','0000003511','刘备（外协经理）','','','2018-01-02 16:24:17','0000003515','貂蝉（检验员）',NULL,NULL,NULL),(85,'AJ180102003','111111','66','测试客户3','上海','2018-01-02','','','2000','','0000003512','0000003513',NULL,'12','Y',NULL,'N','2018-01-02 16:05:46','0000003516','曹操（核价经理）','','','2018-01-02 16:05:46','0000003515','貂蝉（检验员）',NULL,NULL,NULL),(86,'AJ180102004','2221212','67','测试客户三','宝山区','2018-01-03','','','1000','','0000003511','0000003513',NULL,'12','Y',NULL,'N','2018-01-02 16:02:47','0000003516','曹操（核价经理）','','','2018-01-02 16:02:47','0000003515','貂蝉（检验员）',NULL,NULL,NULL),(87,'AJ180102005','553','68','测试客户1-2','苏州','2018-01-18','','2000','2000','','0000003511','0000003513',NULL,'6','Y',NULL,'Y','2018-01-02 17:16:05','0000003516','曹操（核价经理）','','','2018-01-02 17:16:05','0000003516','曹操（核价经理）',NULL,NULL,NULL),(88,'AJ180103001','666','69','20180103测试','苏州','2018-01-10','','','5000','','0000003512','0000003513',NULL,'6','Y',NULL,'Y','2018-01-03 18:09:54','0000003516','曹操（核价经理）','','','2018-01-03 18:09:54','0000003516','曹操（核价经理）',NULL,NULL,NULL),(89,'AJ180103002','123','70','123','123','2018-01-13','','','123','','0000003511','0000003513',NULL,'6','Y',NULL,'Y','2018-01-03 18:21:47','0000003516','曹操（核价经理）','','','2018-01-03 18:21:47','0000003516','曹操（核价经理）',NULL,NULL,NULL),(90,'AJ180103003','456','71','456','456','2018-01-11','','','456','','0000003511','0000003513',NULL,'6','Y',NULL,'Y','2018-01-03 18:21:13','0000003516','曹操（核价经理）','','','2018-01-03 18:21:13','0000003516','曹操（核价经理）',NULL,NULL,NULL),(91,'AJ180103004','111111111','72','蘑菇','哦哦','2018-01-03','','','1111','','0000003511','0000003513',NULL,'6','Y',NULL,'Y','2018-01-24 13:30:22','0000003516','曹操（核价经理）','','','2018-01-24 13:30:22','0000003516','曹操（核价经理）',NULL,NULL,NULL),(92,'AJ180103005','111','73','111','111','2018-01-03','','','111','','0000003511','0000003513',NULL,'5','Y',NULL,'Y','2018-01-10 14:48:45','0000003516','曹操（核价经理）','','','2018-01-10 14:48:45','0000003515','貂蝉（检验员）',NULL,NULL,NULL),(93,'AJ180103006','123456778','74','测试返回','测试返回','2018-01-03','','','123','','0000003511','0000003513',NULL,'6','Y',NULL,'Y','2018-01-20 11:39:19','0000003516','曹操（核价经理）','','','2018-01-20 11:39:19','0000003516','曹操（核价经理）',NULL,NULL,NULL),(94,'AJ180108001','******','75','简约至上','宝山','2018-01-16','','','******','******','0000003511','0000003513',NULL,'5','Y',NULL,'Y','2018-01-08 14:29:39','0000003516','曹操（核价经理）','','','2018-01-08 14:29:39','0000003515','貂蝉（检验员）',NULL,NULL,NULL),(95,'AJ180108002','10010101010','76','斧钺钩叉','上海','2018-01-16','','','10010','','0000003511','0000003513',NULL,'5','Y',NULL,'Y','2018-01-08 14:33:30','0000003516','曹操（核价经理）','','','2018-01-08 14:33:30','0000003515','貂蝉（检验员）',NULL,NULL,NULL),(96,'AJ180110001','652665156','77','修改订单','2316525','2018-01-02','','632','23526','','0000003512','0000003513',NULL,'4','N',NULL,'Y','2018-01-10 14:53:19','0000003516','曹操（核价经理）','','','2018-01-10 14:53:19','0000003516','曹操（核价经理）',NULL,NULL,NULL),(97,'AJ180124001','123213213','78','123213213','123123123','2018-01-24','2018-01-31','','12321321','','0000003511','0000003513',NULL,'3','N',NULL,'Y','2018-01-24 10:58:53','0000003516','曹操（核价经理）','','','2018-01-24 10:58:53','0000003516','曹操（核价经理）',NULL,NULL,NULL),(98,'AJ180124002','sssssss','79','666666','sssssss','2018-01-24','','','sssssss','','0000003511','0000003513',NULL,'3','N',NULL,'Y','2018-01-24 11:00:32','0000003516','曹操（核价经理）','','','2018-01-24 11:00:32','0000003516','曹操（核价经理）',NULL,NULL,NULL),(99,'AJ180124003','12312','80','123123123123','123123123','2018-01-24','2018-01-24','123123','123','123123','0000003511','0000003513',NULL,'4','N',NULL,'Y','2018-01-24 11:19:31','0000003516','曹操（核价经理）','','','2018-01-24 11:19:31','0000003516','曹操（核价经理）',NULL,NULL,NULL),(100,'AJ180124004','123123','81','123123啊实打实的','123123','2018-01-24','2018-01-24','2323','2323232','','0000003511','0000003513',NULL,'5','Y',NULL,'Y','2018-01-24 13:33:15','0000003516','曹操（核价经理）','','','2018-01-24 13:33:15','0000003514','小乔（采购员）',NULL,NULL,NULL),(101,'AJ180124005','1231231234asasd','82','aaaaaaaaa','1231231','2018-01-24','2018-01-24','23123','123123','123','0000003511','0000003513',NULL,'2','N',NULL,'Y','2018-01-24 13:38:43','0000003516','曹操（核价经理）','','',NULL,NULL,NULL,NULL,NULL,NULL);

/*Table structure for table `sd_order_prorata` */

DROP TABLE IF EXISTS `sd_order_prorata`;

CREATE TABLE `sd_order_prorata` (
  `order_prorata_id` int(10) NOT NULL AUTO_INCREMENT COMMENT '订单用户提成主键',
  `order_id` varchar(10) DEFAULT NULL COMMENT '订单主键',
  `user_id` varchar(10) DEFAULT NULL COMMENT '用户主键',
  `prorata` varchar(10) DEFAULT NULL COMMENT '提成比例(单位:%)',
  `prorata_money` varchar(100) DEFAULT NULL COMMENT '提成金额',
  `REMARK` varchar(100) DEFAULT NULL COMMENT '备注',
  `STATUS` varchar(100) DEFAULT 'Y' COMMENT '状态（Y正常,N禁用）',
  `CREATE_TIME` timestamp NULL DEFAULT CURRENT_TIMESTAMP ON UPDATE CURRENT_TIMESTAMP COMMENT '创建时间',
  `CREATE_USER_ID` varchar(100) NOT NULL COMMENT '创建人编号(SYS_USER_INFO.USER_ID)',
  `CREATE_USER_NAME` varchar(100) NOT NULL COMMENT '创建人姓名(SYS_USER_INFO.USER_NAME)',
  `CREATE_DEPART_ID` varchar(100) DEFAULT NULL COMMENT '创建人所属科室编号(SYS_DEPART_INFO.DEPART_ID)',
  `CREATE_DEPART_NAME` varchar(100) DEFAULT NULL COMMENT '创建人所属科室名称(SYS_DEPART_INFO.DEPART_NAME)',
  `LAST_UPDATE_TIME` datetime DEFAULT NULL COMMENT '最后更新时间',
  `LAST_UPDATE_USER_ID` varchar(100) DEFAULT NULL COMMENT '最后更新人编号(SYS_USER_INFO.USER_ID)',
  `LAST_UPDATE_USER_NAME` varchar(100) DEFAULT NULL COMMENT '最后更新人姓名(SYS_USER_INFO.USER_NAME)',
  `LAST_UPDATE_DEPART_ID` varchar(100) DEFAULT NULL COMMENT '最后更新所属科室编号(SYS_DEPART_INFO.DEPART_ID)',
  `LAST_UPDATE_DEPART_NAME` varchar(100) DEFAULT NULL COMMENT '最后更新所属科室名称(SYS_DEPART_INFO.DEPART_NAME)',
  `sd_id` varchar(100) DEFAULT NULL,
  PRIMARY KEY (`order_prorata_id`)
) ENGINE=InnoDB DEFAULT CHARSET=utf8 ROW_FORMAT=COMPACT COMMENT='订单用户提成信息表';

/*Data for the table `sd_order_prorata` */

/*Table structure for table `sd_order_quote` */

DROP TABLE IF EXISTS `sd_order_quote`;

CREATE TABLE `sd_order_quote` (
  `order_quote_id` int(10) NOT NULL AUTO_INCREMENT COMMENT '供应商报价主键',
  `order_id` varchar(100) NOT NULL COMMENT '订单主键',
  `order_assign_id` varchar(100) DEFAULT NULL COMMENT '核价经理主键',
  `provider_id` varchar(100) DEFAULT NULL COMMENT '供应商主键',
  `provider_name` varchar(100) DEFAULT NULL COMMENT '供应商名称',
  `do_quote` varchar(100) DEFAULT NULL COMMENT '报价',
  `file_url` varchar(100) DEFAULT NULL COMMENT '附件',
  `file_name` varchar(100) DEFAULT NULL COMMENT '附件名称',
  `is_make` varchar(100) DEFAULT NULL COMMENT '是否成交(0否1是)',
  `make_date` datetime DEFAULT NULL COMMENT '成交日期',
  `REMARK` varchar(100) DEFAULT NULL COMMENT '备注',
  `STATUS` varchar(2) DEFAULT 'Y' COMMENT '状态（Y正常,N禁用）',
  `CREATE_TIME` timestamp NULL DEFAULT CURRENT_TIMESTAMP ON UPDATE CURRENT_TIMESTAMP COMMENT '创建时间',
  `CREATE_USER_ID` varchar(100) NOT NULL COMMENT '创建人编号(SYS_USER_INFO.USER_ID)',
  `CREATE_USER_NAME` varchar(100) NOT NULL COMMENT '创建人姓名(SYS_USER_INFO.USER_NAME)',
  `CREATE_DEPART_ID` varchar(100) DEFAULT NULL COMMENT '创建人所属科室编号(SYS_DEPART_INFO.DEPART_ID)',
  `CREATE_DEPART_NAME` varchar(100) DEFAULT NULL COMMENT '创建人所属科室名称(SYS_DEPART_INFO.DEPART_NAME)',
  `LAST_UPDATE_TIME` datetime DEFAULT NULL COMMENT '最后更新时间',
  `LAST_UPDATE_USER_ID` varchar(100) DEFAULT NULL COMMENT '最后更新人编号(SYS_USER_INFO.USER_ID)',
  `LAST_UPDATE_USER_NAME` varchar(100) DEFAULT NULL COMMENT '最后更新人姓名(SYS_USER_INFO.USER_NAME)',
  `LAST_UPDATE_DEPART_ID` varchar(100) DEFAULT NULL COMMENT '最后更新所属科室编号(SYS_DEPART_INFO.DEPART_ID)',
  `LAST_UPDATE_DEPART_NAME` varchar(100) DEFAULT NULL COMMENT '最后更新所属科室名称(SYS_DEPART_INFO.DEPART_NAME)',
  `sd_id` varchar(10) DEFAULT NULL COMMENT '系统框架主键',
  PRIMARY KEY (`order_quote_id`)
) ENGINE=InnoDB AUTO_INCREMENT=66 DEFAULT CHARSET=utf8 COMMENT='订单供应商报价信息表';

/*Data for the table `sd_order_quote` */

insert  into `sd_order_quote`(`order_quote_id`,`order_id`,`order_assign_id`,`provider_id`,`provider_name`,`do_quote`,`file_url`,`file_name`,`is_make`,`make_date`,`REMARK`,`STATUS`,`CREATE_TIME`,`CREATE_USER_ID`,`CREATE_USER_NAME`,`CREATE_DEPART_ID`,`CREATE_DEPART_NAME`,`LAST_UPDATE_TIME`,`LAST_UPDATE_USER_ID`,`LAST_UPDATE_USER_NAME`,`LAST_UPDATE_DEPART_ID`,`LAST_UPDATE_DEPART_NAME`,`sd_id`) values (42,'86','0000003516','25','十达科技','2000',NULL,NULL,'1','2018-01-02 15:46:54',NULL,NULL,'2018-01-02 15:46:54','0000003514','小乔（采购员）',NULL,NULL,NULL,'0000003516','曹操（核价经理）',NULL,NULL,NULL),(43,'86',NULL,'24','安捷包装','3000',NULL,NULL,NULL,NULL,NULL,NULL,'2018-01-02 15:33:34','0000003514','小乔（采购员）',NULL,NULL,NULL,NULL,NULL,NULL,NULL,NULL),(44,'85','0000003516','27','大于','4000',NULL,NULL,'1','2018-01-02 16:04:33',NULL,NULL,'2018-01-02 16:04:33','0000003514','小乔（采购员）',NULL,NULL,NULL,'0000003516','曹操（核价经理）',NULL,NULL,NULL),(45,'85',NULL,'28','旺旺','3000',NULL,NULL,NULL,NULL,NULL,NULL,'2018-01-02 15:34:22','0000003514','小乔（采购员）',NULL,NULL,NULL,NULL,NULL,NULL,NULL,NULL),(46,'84',NULL,'25','十达科技','2000',NULL,NULL,NULL,NULL,NULL,NULL,'2018-01-02 16:19:50','0000003514','小乔（采购员）',NULL,NULL,NULL,NULL,NULL,NULL,NULL,NULL),(47,'83','0000000001','26','加软公司','3000',NULL,NULL,'1','2018-01-02 16:22:24',NULL,NULL,'2018-01-02 16:22:24','0000003514','小乔（采购员）',NULL,NULL,NULL,'0000000001','系统管理员',NULL,NULL,NULL),(48,'84','0000000001','29','答答','5000','download.do?fileName=Chrysanthemum.jpg','Chrysanthemum.jpg','1','2018-01-02 16:22:18',NULL,NULL,'2018-01-02 16:22:18','0000003514','小乔（采购员）',NULL,NULL,NULL,'0000000001','系统管理员',NULL,NULL,NULL),(49,'87','0000003516','30','上海供应商','2000',NULL,NULL,'1','2018-01-02 17:16:05',NULL,NULL,'2018-01-02 17:16:05','0000003514','小乔（采购员）',NULL,NULL,NULL,'0000003516','曹操（核价经理）',NULL,NULL,NULL),(50,'88','0000003516','31','eeee','5800',NULL,NULL,'1','2018-01-03 18:09:54',NULL,NULL,'2018-01-03 18:09:54','0000003514','小乔（采购员）',NULL,NULL,NULL,'0000003516','曹操（核价经理）',NULL,NULL,NULL),(51,'88',NULL,'32','yyy','555',NULL,NULL,NULL,NULL,NULL,NULL,'2018-01-03 18:05:20','0000003514','小乔（采购员）',NULL,NULL,NULL,NULL,NULL,NULL,NULL,NULL),(52,'90','0000003516','33','123','123',NULL,NULL,'1','2018-01-03 18:20:25',NULL,NULL,'2018-01-03 18:20:25','0000003514','小乔（采购员）',NULL,NULL,NULL,'0000003516','曹操（核价经理）',NULL,NULL,NULL),(53,'89','0000003516','','123','123',NULL,NULL,'1','2018-01-03 18:21:47',NULL,NULL,'2018-01-03 18:21:47','0000003514','小乔（采购员）',NULL,NULL,NULL,'0000003516','曹操（核价经理）',NULL,NULL,NULL),(54,'89',NULL,'34','345','345',NULL,NULL,NULL,NULL,NULL,NULL,'2018-01-03 18:19:48','0000003514','小乔（采购员）',NULL,NULL,NULL,NULL,NULL,NULL,NULL,NULL),(55,'90','0000003516','35','34','34',NULL,NULL,'1','2018-01-03 18:21:13',NULL,NULL,'2018-01-03 18:21:13','0000003514','小乔（采购员）',NULL,NULL,NULL,'0000003516','曹操（核价经理）',NULL,NULL,NULL),(56,'92','0000003516','36','敏捷','100000',NULL,NULL,'1','2018-01-04 09:47:47',NULL,NULL,'2018-01-04 09:47:47','0000003514','小乔（采购员）',NULL,NULL,NULL,'0000003516','曹操（核价经理）',NULL,NULL,NULL),(57,'92','0000003516','37','路过','10000',NULL,NULL,'1','2018-01-08 14:26:54',NULL,NULL,'2018-01-08 14:26:54','0000003514','小乔（采购员）',NULL,NULL,NULL,'0000003516','曹操（核价经理）',NULL,NULL,NULL),(58,'93',NULL,'38','飞机','100066',NULL,NULL,NULL,NULL,NULL,NULL,'2018-01-03 18:47:48','0000003514','小乔（采购员）',NULL,NULL,NULL,NULL,NULL,NULL,NULL,NULL),(59,'93','0000003516','39','大区','60000',NULL,NULL,'1','2018-01-20 11:39:19',NULL,NULL,'2018-01-20 11:39:19','0000003514','小乔（采购员）',NULL,NULL,NULL,'0000003516','曹操（核价经理）',NULL,NULL,NULL),(60,'91','0000003516','40','000','10097',NULL,NULL,'1','2018-01-24 13:30:21',NULL,NULL,'2018-01-24 13:30:21','0000003514','小乔（采购员）',NULL,NULL,NULL,'0000003516','曹操（核价经理）',NULL,NULL,NULL),(61,'93',NULL,'41','哟哟哟','10000',NULL,NULL,NULL,NULL,NULL,NULL,'2018-01-03 19:51:49','0000003514','小乔（采购员）',NULL,NULL,NULL,NULL,NULL,NULL,NULL,NULL),(62,'93',NULL,'42','222','2000',NULL,NULL,NULL,NULL,NULL,NULL,'2018-01-04 09:50:02','0000003514','小乔（采购员）',NULL,NULL,NULL,NULL,NULL,NULL,NULL,NULL),(63,'95','0000003516','43','9999','9999',NULL,NULL,'1','2018-01-08 14:26:43',NULL,NULL,'2018-01-08 14:26:43','0000003514','小乔（采购员）',NULL,NULL,NULL,'0000003516','曹操（核价经理）',NULL,NULL,NULL),(64,'94','0000003516','44','速度快解放','8888',NULL,NULL,'1','2018-01-08 14:26:36',NULL,NULL,'2018-01-08 14:26:36','0000003514','小乔（采购员）',NULL,NULL,NULL,'0000003516','曹操（核价经理）',NULL,NULL,NULL),(65,'100',NULL,'45','ddddddd','1255555',NULL,NULL,NULL,NULL,NULL,NULL,'2018-01-24 13:33:15','0000003514','小乔（采购员）',NULL,NULL,NULL,NULL,NULL,NULL,NULL,NULL);

/*Table structure for table `sd_order_track` */

DROP TABLE IF EXISTS `sd_order_track`;

CREATE TABLE `sd_order_track` (
  `order_track_id` int(10) NOT NULL AUTO_INCREMENT COMMENT '订单轨迹主键',
  `order_id` varchar(10) NOT NULL COMMENT '订单主键',
  `data_state` varchar(10) NOT NULL COMMENT '订单当前状态',
  `data_state_name` varchar(100) DEFAULT NULL COMMENT '订单当前状态名称',
  `REMARK` varchar(500) DEFAULT NULL COMMENT '备注',
  `STATUS` varchar(2) DEFAULT 'Y' COMMENT '状态（Y正常,N禁用）',
  `CREATE_TIME` timestamp NULL DEFAULT CURRENT_TIMESTAMP ON UPDATE CURRENT_TIMESTAMP COMMENT '创建时间',
  `CREATE_USER_ID` varchar(100) NOT NULL COMMENT '创建人编号(SYS_USER_INFO.USER_ID)',
  `CREATE_USER_NAME` varchar(100) NOT NULL COMMENT '创建人姓名(SYS_USER_INFO.USER_NAME)',
  `CREATE_DEPART_ID` varchar(100) DEFAULT NULL COMMENT '创建人所属科室编号(SYS_DEPART_INFO.DEPART_ID)',
  `CREATE_DEPART_NAME` varchar(100) DEFAULT NULL COMMENT '创建人所属科室名称(SYS_DEPART_INFO.DEPART_NAME)',
  `sd_id` varchar(10) DEFAULT NULL COMMENT '系统框架主键',
  PRIMARY KEY (`order_track_id`)
) ENGINE=InnoDB AUTO_INCREMENT=406 DEFAULT CHARSET=utf8 COMMENT='订单轨迹信息表';

/*Data for the table `sd_order_track` */

insert  into `sd_order_track`(`order_track_id`,`order_id`,`data_state`,`data_state_name`,`REMARK`,`STATUS`,`CREATE_TIME`,`CREATE_USER_ID`,`CREATE_USER_NAME`,`CREATE_DEPART_ID`,`CREATE_DEPART_NAME`,`sd_id`) values (286,'83','2','新建订单(采购经理：张飞（采购经理）,检验经理：关羽（检验经理）)',NULL,NULL,'2018-01-02 14:47:06','0000003511','刘备（外协经理）',NULL,NULL,NULL),(287,'84','2','新建订单(采购经理：张飞（采购经理）,检验经理：关羽（检验经理）)',NULL,NULL,'2018-01-02 14:48:34','0000003511','刘备（外协经理）',NULL,NULL,NULL),(288,'85','2','新建订单(采购经理：张飞（采购经理）,检验经理：关羽（检验经理）)',NULL,NULL,'2018-01-02 15:18:39','0000003516','曹操（核价经理）',NULL,NULL,NULL),(289,'86','2','新建订单(采购经理：刘备（外协经理）,检验经理：关羽（检验经理）)',NULL,NULL,'2018-01-02 15:29:51','0000003516','曹操（核价经理）',NULL,NULL,NULL),(290,'86','2','订单确认',NULL,NULL,'2018-01-02 15:30:04','0000003516','曹操（核价经理）',NULL,NULL,NULL),(291,'85','2','订单确认',NULL,NULL,'2018-01-02 15:30:08','0000003516','曹操（核价经理）',NULL,NULL,NULL),(292,'85','3','采购指派(小乔（采购员）,)',NULL,NULL,'2018-01-02 15:31:05','0000003512','张飞（采购经理）',NULL,NULL,NULL),(293,'86','3','采购指派(小乔（采购员）,)',NULL,NULL,'2018-01-02 15:31:33','0000003511','刘备（外协经理）',NULL,NULL,NULL),(294,'86','4','报价成功(出价方：十达科技)',NULL,NULL,'2018-01-02 15:33:06','0000003514','小乔（采购员）',NULL,NULL,NULL),(295,'86','4','报价成功(出价方：安捷包装)',NULL,NULL,'2018-01-02 15:33:34','0000003514','小乔（采购员）',NULL,NULL,NULL),(296,'85','4','报价成功(出价方：大于)',NULL,NULL,'2018-01-02 15:33:54','0000003514','小乔（采购员）',NULL,NULL,NULL),(297,'85','4','报价成功(出价方：旺旺)',NULL,NULL,'2018-01-02 15:34:22','0000003514','小乔（采购员）',NULL,NULL,NULL),(298,'85','5','报价核定(核定成功：大于)',NULL,NULL,'2018-01-02 15:46:44','0000003516','曹操（核价经理）',NULL,NULL,NULL),(299,'86','5','报价核定(核定成功：十达科技)',NULL,NULL,'2018-01-02 15:46:54','0000003516','曹操（核价经理）',NULL,NULL,NULL),(300,'86','6','检验指派(貂蝉（检验员）,)',NULL,NULL,'2018-01-02 15:50:19','0000003513','关羽（检验经理）',NULL,NULL,NULL),(301,'85','6','检验指派(貂蝉（检验员）)',NULL,NULL,'2018-01-02 15:51:03','0000003513','关羽（检验经理）',NULL,NULL,NULL),(302,'85','8','裁切','',NULL,'2018-01-02 15:52:28','0000003515','貂蝉（检验员）',NULL,NULL,NULL),(303,'85','9','生产','',NULL,'2018-01-02 15:52:47','0000003515','貂蝉（检验员）',NULL,NULL,NULL),(304,'85','10','完成','',NULL,'2018-01-02 15:53:11','0000003515','貂蝉（检验员）',NULL,NULL,NULL),(305,'85','13','订单异常','',NULL,'2018-01-02 15:53:31','0000003515','貂蝉（检验员）',NULL,NULL,NULL),(306,'86','11','验收通过','',NULL,'2018-01-02 16:02:32','0000003515','貂蝉（检验员）',NULL,NULL,NULL),(307,'86','12','完结','',NULL,'2018-01-02 16:02:47','0000003515','貂蝉（检验员）',NULL,NULL,NULL),(308,'85','5','报价核定(核定成功：大于)',NULL,NULL,'2018-01-02 16:04:33','0000003516','曹操（核价经理）',NULL,NULL,NULL),(309,'85','6','检验指派(貂蝉（检验员）,)',NULL,NULL,'2018-01-02 16:05:15','0000003513','关羽（检验经理）',NULL,NULL,NULL),(310,'85','12','完结','',NULL,'2018-01-02 16:05:46','0000003515','貂蝉（检验员）',NULL,NULL,NULL),(311,'84','2','订单确认',NULL,NULL,'2018-01-02 16:14:09','0000000001','系统管理员',NULL,NULL,NULL),(312,'83','2','订单确认',NULL,NULL,'2018-01-02 16:14:14','0000000001','系统管理员',NULL,NULL,NULL),(313,'83','3','采购指派(小乔（采购员）,)',NULL,NULL,'2018-01-02 16:19:09','0000003512','张飞（采购经理）',NULL,NULL,NULL),(314,'84','3','采购指派(小乔（采购员）,)',NULL,NULL,'2018-01-02 16:19:17','0000003512','张飞（采购经理）',NULL,NULL,NULL),(315,'84','4','报价成功(出价方：十达科技)',NULL,NULL,'2018-01-02 16:19:50','0000003514','小乔（采购员）',NULL,NULL,NULL),(316,'83','4','报价成功(出价方：加软公司)',NULL,NULL,'2018-01-02 16:20:19','0000003514','小乔（采购员）',NULL,NULL,NULL),(317,'84','4','报价成功(出价方：答答)',NULL,NULL,'2018-01-02 16:20:44','0000003514','小乔（采购员）',NULL,NULL,NULL),(318,'84','5','报价核定(核定成功：答答)',NULL,NULL,'2018-01-02 16:22:18','0000000001','系统管理员',NULL,NULL,NULL),(319,'83','5','报价核定(核定成功：加软公司)',NULL,NULL,'2018-01-02 16:22:24','0000000001','系统管理员',NULL,NULL,NULL),(320,'83','6','检验指派(貂蝉（检验员）,)',NULL,NULL,'2018-01-02 16:22:49','0000003513','关羽（检验经理）',NULL,NULL,NULL),(321,'84','6','检验指派(貂蝉（检验员）,)',NULL,NULL,'2018-01-02 16:22:59','0000003513','关羽（检验经理）',NULL,NULL,NULL),(322,'84','12','完结','',NULL,'2018-01-02 16:24:17','0000003515','貂蝉（检验员）',NULL,NULL,NULL),(323,'83','12','完结','',NULL,'2018-01-02 16:24:28','0000003515','貂蝉（检验员）',NULL,NULL,NULL),(324,'87','2','新建订单(采购经理：刘备（外协经理）,检验经理：关羽（检验经理）)',NULL,NULL,'2018-01-02 16:50:43','0000003516','曹操（核价经理）',NULL,NULL,NULL),(325,'87','2','订单确认',NULL,NULL,'2018-01-02 16:51:00','0000003516','曹操（核价经理）',NULL,NULL,NULL),(326,'87','3','采购指派(小乔（采购员）)',NULL,NULL,'2018-01-02 17:00:21','0000003511','刘备（外协经理）',NULL,NULL,NULL),(327,'87','4','报价成功(出价方：上海供应商)',NULL,NULL,'2018-01-02 17:01:22','0000003514','小乔（采购员）',NULL,NULL,NULL),(328,'87','5','报价核定(核定成功：上海供应商)',NULL,NULL,'2018-01-02 17:16:05','0000003516','曹操（核价经理）',NULL,NULL,NULL),(329,'88','2','新建订单(采购经理：张飞（采购经理）,检验经理：关羽（检验经理）)',NULL,NULL,'2018-01-03 17:41:10','0000003516','曹操（核价经理）',NULL,NULL,NULL),(330,'88','2','订单确认',NULL,NULL,'2018-01-03 17:47:33','0000003516','曹操（核价经理）',NULL,NULL,NULL),(331,'88','3','采购指派(小乔（采购员）)',NULL,NULL,'2018-01-03 17:51:47','0000003512','张飞（采购经理）',NULL,NULL,NULL),(332,'88','4','报价成功(出价方：eeee)',NULL,NULL,'2018-01-03 17:52:35','0000003514','小乔（采购员）',NULL,NULL,NULL),(333,'88','4','报价成功(出价方：yyy)',NULL,NULL,'2018-01-03 18:05:20','0000003514','小乔（采购员）',NULL,NULL,NULL),(334,'88','5','报价核定(核定成功：eeee)',NULL,NULL,'2018-01-03 18:09:54','0000003516','曹操（核价经理）',NULL,NULL,NULL),(335,'89','2','新建订单(采购经理：刘备（外协经理）,检验经理：关羽（检验经理）)',NULL,NULL,'2018-01-03 18:17:34','0000003516','曹操（核价经理）',NULL,NULL,NULL),(336,'90','2','新建订单(采购经理：刘备（外协经理）,检验经理：关羽（检验经理）)',NULL,NULL,'2018-01-03 18:18:04','0000003516','曹操（核价经理）',NULL,NULL,NULL),(337,'90','2','订单确认',NULL,NULL,'2018-01-03 18:18:12','0000003516','曹操（核价经理）',NULL,NULL,NULL),(338,'89','2','订单确认',NULL,NULL,'2018-01-03 18:18:27','0000003516','曹操（核价经理）',NULL,NULL,NULL),(339,'89','3','采购指派(小乔（采购员）,)',NULL,NULL,'2018-01-03 18:18:53','0000003511','刘备（外协经理）',NULL,NULL,NULL),(340,'90','3','采购指派(小乔（采购员）,)',NULL,NULL,'2018-01-03 18:19:04','0000003511','刘备（外协经理）',NULL,NULL,NULL),(341,'90','4','报价成功(出价方：123)',NULL,NULL,'2018-01-03 18:19:31','0000003514','小乔（采购员）',NULL,NULL,NULL),(342,'89','4','报价成功(出价方：123)',NULL,NULL,'2018-01-03 18:19:39','0000003514','小乔（采购员）',NULL,NULL,NULL),(343,'89','4','报价成功(出价方：345)',NULL,NULL,'2018-01-03 18:19:48','0000003514','小乔（采购员）',NULL,NULL,NULL),(344,'90','4','报价成功(出价方：34)',NULL,NULL,'2018-01-03 18:19:55','0000003514','小乔（采购员）',NULL,NULL,NULL),(345,'90','5','报价核定(核定成功：123)',NULL,NULL,'2018-01-03 18:20:25','0000003516','曹操（核价经理）',NULL,NULL,NULL),(346,'90','5','报价核定(核定成功：34)',NULL,NULL,'2018-01-03 18:21:13','0000003516','曹操（核价经理）',NULL,NULL,NULL),(347,'89','5','报价核定(核定成功：123)',NULL,NULL,'2018-01-03 18:21:47','0000003516','曹操（核价经理）',NULL,NULL,NULL),(348,'91','2','新建订单(采购经理：刘备（外协经理）,检验经理：关羽（检验经理）)',NULL,NULL,'2018-01-03 18:35:08','0000003516','曹操（核价经理）',NULL,NULL,NULL),(349,'92','2','新建订单(采购经理：刘备（外协经理）,检验经理：关羽（检验经理）)',NULL,NULL,'2018-01-03 18:37:25','0000003516','曹操（核价经理）',NULL,NULL,NULL),(350,'92','2','订单确认',NULL,NULL,'2018-01-03 18:38:45','0000003516','曹操（核价经理）',NULL,NULL,NULL),(351,'91','2','订单确认',NULL,NULL,'2018-01-03 18:38:49','0000003516','曹操（核价经理）',NULL,NULL,NULL),(352,'91','3','采购指派(小乔（采购员）)',NULL,NULL,'2018-01-03 18:39:12','0000003511','刘备（外协经理）',NULL,NULL,NULL),(353,'92','3','采购指派(小乔（采购员）)',NULL,NULL,'2018-01-03 18:39:22','0000003511','刘备（外协经理）',NULL,NULL,NULL),(354,'92','3','采购指派(小乔（采购员）)',NULL,NULL,'2018-01-03 18:39:33','0000003511','刘备（外协经理）',NULL,NULL,NULL),(355,'93','2','新建订单(采购经理：刘备（外协经理）,检验经理：关羽（检验经理）)',NULL,NULL,'2018-01-03 18:39:38','0000003516','曹操（核价经理）',NULL,NULL,NULL),(356,'93','2','订单确认',NULL,NULL,'2018-01-03 18:43:43','0000003516','曹操（核价经理）',NULL,NULL,NULL),(357,'93','3','采购指派(小乔（采购员）)',NULL,NULL,'2018-01-03 18:44:20','0000003511','刘备（外协经理）',NULL,NULL,NULL),(358,'92','4','报价成功(出价方：敏捷)',NULL,NULL,'2018-01-03 18:47:20','0000003514','小乔（采购员）',NULL,NULL,NULL),(359,'92','4','报价成功(出价方：路过)',NULL,NULL,'2018-01-03 18:47:36','0000003514','小乔（采购员）',NULL,NULL,NULL),(360,'93','4','报价成功(出价方：飞机)',NULL,NULL,'2018-01-03 18:47:48','0000003514','小乔（采购员）',NULL,NULL,NULL),(361,'93','4','报价成功(出价方：大区)',NULL,NULL,'2018-01-03 18:48:04','0000003514','小乔（采购员）',NULL,NULL,NULL),(362,'91','4','报价成功(出价方：000)',NULL,NULL,'2018-01-03 18:48:27','0000003514','小乔（采购员）',NULL,NULL,NULL),(363,'91','5','报价核定(核定成功：000)',NULL,NULL,'2018-01-03 18:58:09','0000003516','曹操（核价经理）',NULL,NULL,NULL),(364,'93','4','报价成功(出价方：哟哟哟)',NULL,NULL,'2018-01-03 19:51:49','0000003514','小乔（采购员）',NULL,NULL,NULL),(365,'92','5','报价核定(核定成功：敏捷)',NULL,NULL,'2018-01-04 09:47:47','0000003516','曹操（核价经理）',NULL,NULL,NULL),(366,'93','4','报价成功(出价方：222)',NULL,NULL,'2018-01-04 09:50:02','0000003514','小乔（采购员）',NULL,NULL,NULL),(367,'92','6','检验指派(貂蝉（检验员）,)',NULL,NULL,'2018-01-05 14:49:18','0000003513','关羽（检验经理）',NULL,NULL,NULL),(368,'92','13','订单异常','',NULL,'2018-01-05 14:49:43','0000003515','貂蝉（检验员）',NULL,NULL,NULL),(369,'94','2','新建订单(采购经理：刘备（外协经理）,检验经理：关羽（检验经理）)',NULL,NULL,'2018-01-08 14:21:03','0000003516','曹操（核价经理）',NULL,NULL,NULL),(370,'95','2','新建订单(采购经理：刘备（外协经理）,检验经理：关羽（检验经理）)',NULL,NULL,'2018-01-08 14:22:05','0000003516','曹操（核价经理）',NULL,NULL,NULL),(371,'95','2','订单确认',NULL,NULL,'2018-01-08 14:22:21','0000003516','曹操（核价经理）',NULL,NULL,NULL),(372,'94','2','订单确认',NULL,NULL,'2018-01-08 14:22:25','0000003516','曹操（核价经理）',NULL,NULL,NULL),(373,'94','3','采购指派(小乔（采购员）,)',NULL,NULL,'2018-01-08 14:24:44','0000003511','刘备（外协经理）',NULL,NULL,NULL),(374,'95','3','采购指派(小乔（采购员）,)',NULL,NULL,'2018-01-08 14:24:54','0000003511','刘备（外协经理）',NULL,NULL,NULL),(375,'95','4','报价成功(出价方：9999)',NULL,NULL,'2018-01-08 14:25:34','0000003514','小乔（采购员）',NULL,NULL,NULL),(376,'94','4','报价成功(出价方：速度快解放)',NULL,NULL,'2018-01-08 14:25:51','0000003514','小乔（采购员）',NULL,NULL,NULL),(377,'94','5','报价核定(核定成功：速度快解放)',NULL,NULL,'2018-01-08 14:26:36','0000003516','曹操（核价经理）',NULL,NULL,NULL),(378,'95','5','报价核定(核定成功：9999)',NULL,NULL,'2018-01-08 14:26:43','0000003516','曹操（核价经理）',NULL,NULL,NULL),(379,'92','5','报价核定(核定成功：路过)',NULL,NULL,'2018-01-08 14:26:54','0000003516','曹操（核价经理）',NULL,NULL,NULL),(380,'92','6','检验指派(貂蝉（检验员）,)',NULL,NULL,'2018-01-08 14:27:44','0000003513','关羽（检验经理）',NULL,NULL,NULL),(381,'95','6','检验指派(貂蝉（检验员）,)',NULL,NULL,'2018-01-08 14:27:53','0000003513','关羽（检验经理）',NULL,NULL,NULL),(382,'94','6','检验指派(貂蝉（检验员）,)',NULL,NULL,'2018-01-08 14:28:00','0000003513','关羽（检验经理）',NULL,NULL,NULL),(383,'91','6','检验指派(貂蝉（检验员）,)',NULL,NULL,'2018-01-08 14:28:10','0000003513','关羽（检验经理）',NULL,NULL,NULL),(384,'94','13','订单异常','订单有问题',NULL,'2018-01-08 14:29:39','0000003515','貂蝉（检验员）',NULL,NULL,NULL),(385,'95','13','订单异常','',NULL,'2018-01-08 14:33:30','0000003515','貂蝉（检验员）',NULL,NULL,NULL),(386,'91','13','订单异常','',NULL,'2018-01-08 14:35:09','0000003515','貂蝉（检验员）',NULL,NULL,NULL),(387,'92','14','验收不通过','',NULL,'2018-01-08 14:37:08','0000003515','貂蝉（检验员）',NULL,NULL,NULL),(388,'92','13','订单异常','',NULL,'2018-01-10 14:48:45','0000003515','貂蝉（检验员）',NULL,NULL,NULL),(389,'96','2','新建订单(采购经理：张飞（采购经理）,检验经理：关羽（检验经理）)',NULL,NULL,'2018-01-10 14:52:24','0000003516','曹操（核价经理）',NULL,NULL,NULL),(390,'96','2','订单确认',NULL,NULL,'2018-01-10 14:52:50','0000003516','曹操（核价经理）',NULL,NULL,NULL),(391,'96','3','采购指派(小乔（采购员）,)',NULL,NULL,'2018-01-10 14:53:19','0000003512','张飞（采购经理）',NULL,NULL,NULL),(392,'93','5','报价核定(核定成功：大区)',NULL,NULL,'2018-01-20 11:39:19','0000003516','曹操（核价经理）',NULL,NULL,NULL),(393,'97','2','新建订单(采购经理：刘备（外协经理）,检验经理：关羽（检验经理）)',NULL,NULL,'2018-01-24 10:58:42','0000003516','曹操（核价经理）',NULL,NULL,NULL),(394,'97','2','订单确认',NULL,NULL,'2018-01-24 10:58:53','0000003516','曹操（核价经理）',NULL,NULL,NULL),(395,'98','2','新建订单(采购经理：刘备（外协经理）,检验经理：关羽（检验经理）)',NULL,NULL,'2018-01-24 11:00:20','0000003516','曹操（核价经理）',NULL,NULL,NULL),(396,'98','2','订单确认',NULL,NULL,'2018-01-24 11:00:32','0000003516','曹操（核价经理）',NULL,NULL,NULL),(397,'99','2','新建订单(采购经理：刘备（外协经理）,检验经理：关羽（检验经理）)',NULL,NULL,'2018-01-24 11:03:16','0000003516','曹操（核价经理）',NULL,NULL,NULL),(398,'99','2','订单确认',NULL,NULL,'2018-01-24 11:04:19','0000003516','曹操（核价经理）',NULL,NULL,NULL),(399,'100','2','新建订单(采购经理：刘备（外协经理）,检验经理：关羽（检验经理）)',NULL,NULL,'2018-01-24 11:05:42','0000003516','曹操（核价经理）',NULL,NULL,NULL),(400,'99','3','采购指派(小乔（采购员）,)',NULL,NULL,'2018-01-24 11:19:31','0000003511','刘备（外协经理）',NULL,NULL,NULL),(401,'100','2','订单确认',NULL,NULL,'2018-01-24 13:29:49','0000003516','曹操（核价经理）',NULL,NULL,NULL),(402,'91','5','报价核定(核定成功：000)',NULL,NULL,'2018-01-24 13:30:22','0000003516','曹操（核价经理）',NULL,NULL,NULL),(403,'100','3','采购指派(小乔（采购员）,)',NULL,NULL,'2018-01-24 13:31:18','0000003511','刘备（外协经理）',NULL,NULL,NULL),(404,'100','4','报价成功(出价方：ddddddd)',NULL,NULL,'2018-01-24 13:33:15','0000003514','小乔（采购员）',NULL,NULL,NULL),(405,'101','2','新建订单(采购经理：刘备（外协经理）,检验经理：关羽（检验经理）)',NULL,NULL,'2018-01-24 13:38:43','0000003516','曹操（核价经理）',NULL,NULL,NULL);

/*Table structure for table `sd_product_cost` */

DROP TABLE IF EXISTS `sd_product_cost`;

CREATE TABLE `sd_product_cost` (
  `product_cost_id` int(10) NOT NULL AUTO_INCREMENT COMMENT '产品费用主键',
  `product_main_id` varchar(100) DEFAULT NULL COMMENT '产品编号',
  `product_cost_name` varchar(100) DEFAULT NULL COMMENT '费用类别标识',
  `product_unit` varchar(100) DEFAULT NULL COMMENT '计量单位',
  `product_number` varchar(100) DEFAULT NULL COMMENT '数量',
  `product_price_rate` varchar(100) DEFAULT NULL COMMENT '单价价格/比率',
  `product_main_unit_cost` varchar(100) DEFAULT NULL COMMENT '单位成本',
  `REMARK` varchar(100) DEFAULT NULL COMMENT '备注',
  `STATUS` varchar(100) NOT NULL DEFAULT 'Y' COMMENT '状态（Y正常,N禁用）',
  `CREATE_TIME` datetime DEFAULT NULL COMMENT '创建时间',
  `CREATE_USER_ID` varchar(100) NOT NULL COMMENT '创建人编号(SYS_USER_INFO.USER_ID)',
  `CREATE_USER_NAME` varchar(100) NOT NULL COMMENT '创建人姓名(SYS_USER_INFO.USER_NAME)',
  `CREATE_DEPART_ID` varchar(100) DEFAULT NULL COMMENT '创建人所属科室编号(SYS_DEPART_INFO.DEPART_ID)',
  `CREATE_DEPART_NAME` varchar(100) DEFAULT NULL COMMENT '创建人所属科室名称(SYS_DEPART_INFO.DEPART_NAME)',
  `LAST_UPDATE_TIME` datetime DEFAULT NULL COMMENT '最后更新时间',
  `LAST_UPDATE_USER_ID` varchar(100) DEFAULT NULL COMMENT '最后更新人编号(SYS_USER_INFO.USER_ID)',
  `LAST_UPDATE_USER_NAME` varchar(100) DEFAULT NULL COMMENT '最后更新人姓名(SYS_USER_INFO.USER_NAME)',
  `LAST_UPDATE_DEPART_ID` varchar(100) DEFAULT NULL COMMENT '最后更新所属科室编号(SYS_DEPART_INFO.DEPART_ID)',
  `LAST_UPDATE_DEPART_NAME` varchar(100) DEFAULT NULL COMMENT '最后更新所属科室名称(SYS_DEPART_INFO.DEPART_NAME)',
  `sd_id` varchar(100) DEFAULT NULL,
  PRIMARY KEY (`product_cost_id`)
) ENGINE=InnoDB DEFAULT CHARSET=utf8 COMMENT='产品费用信息表';

/*Data for the table `sd_product_cost` */

/*Table structure for table `sd_product_grade` */

DROP TABLE IF EXISTS `sd_product_grade`;

CREATE TABLE `sd_product_grade` (
  `product_grade_id` int(10) NOT NULL AUTO_INCREMENT COMMENT '产品材质主键',
  `product_grade_name` varchar(100) DEFAULT NULL COMMENT '材质名称',
  `product_grade_index` varchar(100) DEFAULT NULL COMMENT '材质序号',
  `REMARK` varchar(100) DEFAULT NULL COMMENT '备注',
  `STATUS` varchar(100) DEFAULT 'Y' COMMENT '状态（Y正常,N禁用）',
  `CREATE_TIME` datetime DEFAULT NULL COMMENT '创建时间',
  `CREATE_USER_ID` varchar(100) NOT NULL COMMENT '创建人编号(SYS_USER_INFO.USER_ID)',
  `CREATE_USER_NAME` varchar(100) NOT NULL COMMENT '创建人姓名(SYS_USER_INFO.USER_NAME)',
  `CREATE_DEPART_ID` varchar(100) DEFAULT NULL COMMENT '创建人所属科室编号(SYS_DEPART_INFO.DEPART_ID)',
  `CREATE_DEPART_NAME` varchar(100) DEFAULT NULL COMMENT '创建人所属科室名称(SYS_DEPART_INFO.DEPART_NAME)',
  `LAST_UPDATE_TIME` datetime DEFAULT NULL COMMENT '最后更新时间',
  `LAST_UPDATE_USER_ID` varchar(100) DEFAULT NULL COMMENT '最后更新人编号(SYS_USER_INFO.USER_ID)',
  `LAST_UPDATE_USER_NAME` varchar(100) DEFAULT NULL COMMENT '最后更新人姓名(SYS_USER_INFO.USER_NAME)',
  `LAST_UPDATE_DEPART_ID` varchar(100) DEFAULT NULL COMMENT '最后更新所属科室编号(SYS_DEPART_INFO.DEPART_ID)',
  `LAST_UPDATE_DEPART_NAME` varchar(100) DEFAULT NULL COMMENT '最后更新所属科室名称(SYS_DEPART_INFO.DEPART_NAME)',
  `sd_id` varchar(100) DEFAULT NULL,
  PRIMARY KEY (`product_grade_id`)
) ENGINE=InnoDB AUTO_INCREMENT=19 DEFAULT CHARSET=utf8 COMMENT='产品材质信息表';

/*Data for the table `sd_product_grade` */

insert  into `sd_product_grade`(`product_grade_id`,`product_grade_name`,`product_grade_index`,`REMARK`,`STATUS`,`CREATE_TIME`,`CREATE_USER_ID`,`CREATE_USER_NAME`,`CREATE_DEPART_ID`,`CREATE_DEPART_NAME`,`LAST_UPDATE_TIME`,`LAST_UPDATE_USER_ID`,`LAST_UPDATE_USER_NAME`,`LAST_UPDATE_DEPART_ID`,`LAST_UPDATE_DEPART_NAME`,`sd_id`) values (16,'材质1',NULL,'','Y','2018-01-02 14:30:30','0000000001','系统管理员','','',NULL,NULL,NULL,NULL,NULL,NULL),(17,'才智2',NULL,'','Y','2018-01-02 14:30:39','0000000001','系统管理员','','',NULL,NULL,NULL,NULL,NULL,NULL),(18,'材质3',NULL,'','Y','2018-01-02 14:30:49','0000000001','系统管理员','','',NULL,NULL,NULL,NULL,NULL,NULL);

/*Table structure for table `sd_product_info` */

DROP TABLE IF EXISTS `sd_product_info`;

CREATE TABLE `sd_product_info` (
  `product_id` int(10) NOT NULL AUTO_INCREMENT COMMENT '产品主键',
  `customer_supplies` varchar(20) NOT NULL COMMENT '客户料号',
  `product_code` varchar(100) DEFAULT NULL COMMENT '产品代码',
  `product_name` varchar(100) DEFAULT NULL COMMENT '产品名称',
  `product_standard` varchar(100) DEFAULT NULL COMMENT '产品规格',
  `product_length` varchar(100) DEFAULT NULL COMMENT '长',
  `product_width` varchar(100) DEFAULT NULL COMMENT '宽',
  `product_height` varchar(100) DEFAULT NULL COMMENT '高',
  `is_lid` varchar(100) DEFAULT NULL COMMENT '是否带盖(0否,1是)',
  `cost_price` varchar(100) DEFAULT NULL COMMENT '成本价',
  `product_other` varchar(100) DEFAULT NULL COMMENT '其他',
  `product_type_id` varchar(100) DEFAULT NULL COMMENT '产品类别编号',
  `product_grade_id` varchar(100) DEFAULT NULL COMMENT '产品材质编号',
  `product_inner_length` varchar(100) DEFAULT NULL COMMENT '内径余量长',
  `product_inner_width` varchar(100) DEFAULT NULL COMMENT '内径余量宽',
  `product_inner_height` varchar(100) DEFAULT NULL COMMENT '内径余量高',
  `REMARK` varchar(100) DEFAULT NULL COMMENT '备注',
  `STATUS` varchar(100) DEFAULT 'Y' COMMENT '状态（Y正常,N禁用）',
  `CREATE_TIME` datetime DEFAULT NULL COMMENT '创建时间',
  `CREATE_USER_ID` varchar(100) NOT NULL COMMENT '创建人编号(SYS_USER_INFO.USER_ID)',
  `CREATE_USER_NAME` varchar(100) NOT NULL COMMENT '创建人姓名(SYS_USER_INFO.USER_NAME)',
  `CREATE_DEPART_ID` varchar(100) DEFAULT NULL COMMENT '创建人所属科室编号(SYS_DEPART_INFO.DEPART_ID)',
  `CREATE_DEPART_NAME` varchar(100) DEFAULT NULL COMMENT '创建人所属科室名称(SYS_DEPART_INFO.DEPART_NAME)',
  `LAST_UPDATE_TIME` datetime DEFAULT NULL COMMENT '最后更新时间',
  `LAST_UPDATE_USER_ID` varchar(100) DEFAULT NULL COMMENT '最后更新人编号(SYS_USER_INFO.USER_ID)',
  `LAST_UPDATE_USER_NAME` varchar(100) DEFAULT NULL COMMENT '最后更新人姓名(SYS_USER_INFO.USER_NAME)',
  `LAST_UPDATE_DEPART_ID` varchar(100) DEFAULT NULL COMMENT '最后更新所属科室编号(SYS_DEPART_INFO.DEPART_ID)',
  `LAST_UPDATE_DEPART_NAME` varchar(100) DEFAULT NULL COMMENT '最后更新所属科室名称(SYS_DEPART_INFO.DEPART_NAME)',
  `sd_id` varchar(100) DEFAULT NULL,
  PRIMARY KEY (`product_id`)
) ENGINE=InnoDB AUTO_INCREMENT=90 DEFAULT CHARSET=utf8 COMMENT='产品信息表';

/*Data for the table `sd_product_info` */

insert  into `sd_product_info`(`product_id`,`customer_supplies`,`product_code`,`product_name`,`product_standard`,`product_length`,`product_width`,`product_height`,`is_lid`,`cost_price`,`product_other`,`product_type_id`,`product_grade_id`,`product_inner_length`,`product_inner_width`,`product_inner_height`,`REMARK`,`STATUS`,`CREATE_TIME`,`CREATE_USER_ID`,`CREATE_USER_NAME`,`CREATE_DEPART_ID`,`CREATE_DEPART_NAME`,`LAST_UPDATE_TIME`,`LAST_UPDATE_USER_ID`,`LAST_UPDATE_USER_NAME`,`LAST_UPDATE_DEPART_ID`,`LAST_UPDATE_DEPART_NAME`,`sd_id`) values (71,'001','00101','产品1','100','100','100','100','1',NULL,'100','11','16','100','100','100',NULL,'Y','2018-01-02 14:37:16','0000000001','系统管理员','','',NULL,NULL,NULL,NULL,NULL,NULL),(72,'002','00201','产品2','200','200','200','200','1',NULL,'200','12','17','200','200','200',NULL,'Y','2018-01-02 14:37:58','0000000001','系统管理员','','',NULL,NULL,NULL,NULL,NULL,NULL),(73,'003','00301','产品3','300','300','300','300','1',NULL,'300','13','18','300','300','300',NULL,'Y','2018-01-02 14:38:46','0000000001','系统管理员','','',NULL,NULL,NULL,NULL,NULL,NULL),(74,'','0001','大板','','1','1','1','0','0.00','','11','16','','','',NULL,'Y','2018-01-02 14:47:06','0000003511','刘备（外协经理）','','',NULL,NULL,NULL,NULL,NULL,NULL),(75,'','1111','产品n','','11111','111','111','0','1111','','11','16','','','',NULL,'Y','2018-01-02 15:18:39','0000003516','曹操（核价经理）','','',NULL,NULL,NULL,NULL,NULL,NULL),(76,'','23232','神神道道','','1000','11','111','0','1000','','12','17','','','',NULL,'Y','2018-01-02 15:29:51','0000003516','曹操（核价经理）','','',NULL,NULL,NULL,NULL,NULL,NULL),(77,'','ll33','栈板','','1200','500','500','0','','','11','16','','','',NULL,'Y','2018-01-02 16:50:43','0000003516','曹操（核价经理）','','',NULL,NULL,NULL,NULL,NULL,NULL),(78,'','123','123','','123','123','123','1','123','','11','16','','','',NULL,'Y','2018-01-03 18:17:34','0000003516','曹操（核价经理）','','',NULL,NULL,NULL,NULL,NULL,NULL),(79,'56','456','456','','4564','456','456','0','456','','12','16','','','',NULL,'Y','2018-01-03 18:18:04','0000003516','曹操（核价经理）','','',NULL,NULL,NULL,NULL,NULL,NULL),(80,'','111111','弄','','1','1','1','0','','','12','18','','','',NULL,'Y','2018-01-03 18:35:08','0000003516','曹操（核价经理）','','',NULL,NULL,NULL,NULL,NULL,NULL),(81,'','11','111','','111','111','11','0','111','','11','16','','','',NULL,'Y','2018-01-03 18:37:25','0000003516','曹操（核价经理）','','',NULL,NULL,NULL,NULL,NULL,NULL),(82,'','123','测试返回','','123','123','123','1','123','','11','16','','','',NULL,'Y','2018-01-03 18:39:38','0000003516','曹操（核价经理）','','',NULL,NULL,NULL,NULL,NULL,NULL),(83,'','34343','刀枪剑戟','','1','1','1','0','3000','','11','17','','','',NULL,'Y','2018-01-08 14:21:03','0000003516','曹操（核价经理）','','',NULL,NULL,NULL,NULL,NULL,NULL),(84,'','1110','似懂非懂','','1','1','1','1','1000','','12','18','','','',NULL,'Y','2018-01-08 14:22:05','0000003516','曹操（核价经理）','','',NULL,NULL,NULL,NULL,NULL,NULL),(85,'','ddsf','dfdf ','','1200','200','1200','0','5114','','11','16','','','',NULL,'Y','2018-01-10 14:52:24','0000003516','曹操（核价经理）','','',NULL,NULL,NULL,NULL,NULL,NULL),(86,'','asdas','sdsd','','asdas','asdas','asd','0','asd','','12','16','','','',NULL,'Y','2018-01-24 10:58:42','0000003516','曹操（核价经理）','','',NULL,NULL,NULL,NULL,NULL,NULL),(87,'','123123','sssss','','12321','12323','234','0','34343','','11','16','','','',NULL,'Y','2018-01-24 11:00:20','0000003516','曹操（核价经理）','','',NULL,NULL,NULL,NULL,NULL,NULL),(88,'','123123','123123','','123123','123123','123123','0','123123','','11','16','','','',NULL,'Y','2018-01-24 11:03:16','0000003516','曹操（核价经理）','','',NULL,NULL,NULL,NULL,NULL,NULL),(89,'1231','123123','3123123','','2312','231231','1231231','1','','','11','17','','','',NULL,'Y','2018-01-24 11:05:42','0000003516','曹操（核价经理）','','',NULL,NULL,NULL,NULL,NULL,NULL);

/*Table structure for table `sd_product_main` */

DROP TABLE IF EXISTS `sd_product_main`;

CREATE TABLE `sd_product_main` (
  `product_main_id` int(10) NOT NULL AUTO_INCREMENT COMMENT '成本核算主键',
  `product_id` varchar(100) DEFAULT NULL COMMENT '产品编号',
  `product_box_weight` varchar(100) DEFAULT NULL COMMENT '木箱重量',
  `product_square_unit_price` varchar(100) DEFAULT NULL COMMENT '平方单价',
  `product_outer_area` varchar(100) DEFAULT NULL COMMENT '盖板外面积',
  `product_small_outer_area` varchar(100) DEFAULT NULL COMMENT '小墙板外面积-双',
  `product_box_outer_area` varchar(100) DEFAULT NULL COMMENT '木箱外面积',
  `product_cubic_unit_price` varchar(100) DEFAULT NULL COMMENT '立方单价',
  `product_inner_area` varchar(100) DEFAULT NULL COMMENT '盖板内面积',
  `product_small_inner_area` varchar(100) DEFAULT NULL COMMENT '小墙板内面积-双',
  `product_box_bottom_area` varchar(100) DEFAULT NULL COMMENT '木箱底面积',
  `product_box_internal_surface` varchar(100) DEFAULT NULL COMMENT '木箱表内面',
  `product_big_outer_area` varchar(100) DEFAULT NULL COMMENT '大墙板外面积-双',
  `product_box_square_unit_price` varchar(100) DEFAULT NULL COMMENT '木箱平方单价',
  `product_box_cubic_unit_number` varchar(100) DEFAULT NULL COMMENT '木箱立方数',
  `product_box_volume` varchar(100) DEFAULT NULL COMMENT '木箱容积',
  `product_big_inner_area` varchar(100) DEFAULT NULL COMMENT '大墙板内面积-双',
  `product_box_cubic_unit_price` varchar(100) DEFAULT NULL COMMENT '木箱立方单价',
  `no_tax_price` varchar(100) DEFAULT NULL COMMENT '未税价格',
  `tax_price` varchar(100) DEFAULT NULL COMMENT '含税价格',
  `no_tax_ratio` varchar(100) DEFAULT NULL COMMENT '最低报价比（未税）',
  `actual_price` varchar(100) DEFAULT NULL COMMENT '实际价格',
  `actual_tax_price` varchar(100) DEFAULT NULL COMMENT '实际含税价',
  `material_price_ratio` varchar(100) DEFAULT NULL COMMENT '材料售价比',
  `uncertainty_evaluation` varchar(100) DEFAULT NULL COMMENT '不确定因素评估',
  `money` varchar(100) DEFAULT NULL COMMENT '金额',
  `order_expenditure` varchar(100) DEFAULT NULL COMMENT '订单支出',
  `actual_profit_margin` varchar(100) DEFAULT NULL COMMENT '实际净利润率',
  `pre_quotation_no_tax` varchar(100) DEFAULT NULL COMMENT '预报价（未税）',
  `pre_quotation_tax` varchar(100) DEFAULT NULL COMMENT '预报价含税',
  `predicted_profit_margin` varchar(100) DEFAULT NULL COMMENT '预测净利润率',
  `REMARK` varchar(100) DEFAULT NULL COMMENT '备注',
  `STATUS` varchar(100) DEFAULT 'Y' COMMENT '状态（Y正常,N禁用）',
  `CREATE_TIME` datetime DEFAULT NULL COMMENT '创建时间',
  `CREATE_USER_ID` varchar(100) NOT NULL COMMENT '创建人编号(SYS_USER_INFO.USER_ID)',
  `CREATE_USER_NAME` varchar(100) NOT NULL COMMENT '创建人姓名(SYS_USER_INFO.USER_NAME)',
  `CREATE_DEPART_ID` varchar(100) DEFAULT NULL COMMENT '创建人所属科室编号(SYS_DEPART_INFO.DEPART_ID)',
  `CREATE_DEPART_NAME` varchar(100) DEFAULT NULL COMMENT '创建人所属科室名称(SYS_DEPART_INFO.DEPART_NAME)',
  `LAST_UPDATE_TIME` datetime DEFAULT NULL COMMENT '最后更新时间',
  `LAST_UPDATE_USER_ID` varchar(100) DEFAULT NULL COMMENT '最后更新人编号(SYS_USER_INFO.USER_ID)',
  `LAST_UPDATE_USER_NAME` varchar(100) DEFAULT NULL COMMENT '最后更新人姓名(SYS_USER_INFO.USER_NAME)',
  `LAST_UPDATE_DEPART_ID` varchar(100) DEFAULT NULL COMMENT '最后更新所属科室编号(SYS_DEPART_INFO.DEPART_ID)',
  `LAST_UPDATE_DEPART_NAME` varchar(100) DEFAULT NULL COMMENT '最后更新所属科室名称(SYS_DEPART_INFO.DEPART_NAME)',
  `sd_id` varchar(100) DEFAULT NULL,
  PRIMARY KEY (`product_main_id`)
) ENGINE=InnoDB DEFAULT CHARSET=utf8 COMMENT='成本核算主表';

/*Data for the table `sd_product_main` */

/*Table structure for table `sd_product_materials` */

DROP TABLE IF EXISTS `sd_product_materials`;

CREATE TABLE `sd_product_materials` (
  `product_materials_id` int(10) NOT NULL AUTO_INCREMENT COMMENT '产品材料主键',
  `product_main_id` varchar(100) DEFAULT NULL COMMENT '成本核算主表编号',
  `product_materials_type` int(11) DEFAULT NULL COMMENT '主材/辅料',
  `product_materials_name` varchar(100) DEFAULT NULL COMMENT '主材料名称',
  `product_position_name` varchar(100) DEFAULT NULL COMMENT '部位名称标识（1、2、3...）',
  `product_materials_length` varchar(100) DEFAULT NULL COMMENT '主材料长',
  `product_materials_width` varchar(100) DEFAULT NULL COMMENT '主材料宽',
  `product_materials_height` varchar(100) DEFAULT NULL COMMENT '主材料厚',
  `product_materials_number` varchar(100) DEFAULT NULL COMMENT '数量',
  `product_materials_unit_consumption` varchar(100) DEFAULT NULL COMMENT '单位用量',
  `product_materials_tax_price` varchar(100) DEFAULT NULL COMMENT '含税单价',
  `product_materials_no_tax_price` varchar(100) DEFAULT NULL COMMENT '未税单价',
  `product_materials_unit_cost` varchar(100) DEFAULT NULL COMMENT '单位成本',
  `REMARK` varchar(100) DEFAULT NULL COMMENT '备注',
  `STATUS` varchar(100) DEFAULT 'Y' COMMENT '状态（Y正常,N禁用）',
  `CREATE_TIME` datetime DEFAULT NULL COMMENT '创建时间',
  `CREATE_USER_ID` varchar(100) NOT NULL COMMENT '创建人编号(SYS_USER_INFO.USER_ID)',
  `CREATE_USER_NAME` varchar(100) NOT NULL COMMENT '创建人姓名(SYS_USER_INFO.USER_NAME)',
  `CREATE_DEPART_ID` varchar(100) DEFAULT NULL COMMENT '创建人所属科室编号(SYS_DEPART_INFO.DEPART_ID)',
  `CREATE_DEPART_NAME` varchar(100) DEFAULT NULL COMMENT '创建人所属科室名称(SYS_DEPART_INFO.DEPART_NAME)',
  `LAST_UPDATE_TIME` datetime DEFAULT NULL COMMENT '最后更新时间',
  `LAST_UPDATE_USER_ID` varchar(100) DEFAULT NULL COMMENT '最后更新人编号(SYS_USER_INFO.USER_ID)',
  `LAST_UPDATE_USER_NAME` varchar(100) DEFAULT NULL COMMENT '最后更新人姓名(SYS_USER_INFO.USER_NAME)',
  `LAST_UPDATE_DEPART_ID` varchar(100) DEFAULT NULL COMMENT '最后更新所属科室编号(SYS_DEPART_INFO.DEPART_ID)',
  `LAST_UPDATE_DEPART_NAME` varchar(100) DEFAULT NULL COMMENT '最后更新所属科室名称(SYS_DEPART_INFO.DEPART_NAME)',
  `sd_id` varchar(100) DEFAULT NULL,
  PRIMARY KEY (`product_materials_id`)
) ENGINE=InnoDB DEFAULT CHARSET=utf8 COMMENT='产品材料（主/辅材）信息表';

/*Data for the table `sd_product_materials` */

/*Table structure for table `sd_product_type` */

DROP TABLE IF EXISTS `sd_product_type`;

CREATE TABLE `sd_product_type` (
  `product_type_id` int(10) NOT NULL AUTO_INCREMENT COMMENT '产品类别主键',
  `product_type_name` varchar(100) DEFAULT NULL COMMENT '类别名称',
  `product_type_index` varchar(100) DEFAULT NULL COMMENT '类别序号',
  `REMARK` varchar(100) DEFAULT NULL COMMENT '备注',
  `STATUS` varchar(100) DEFAULT 'Y' COMMENT '状态（Y正常,N禁用）',
  `CREATE_TIME` datetime DEFAULT NULL COMMENT '创建时间',
  `CREATE_USER_ID` varchar(100) NOT NULL COMMENT '创建人编号(SYS_USER_INFO.USER_ID)',
  `CREATE_USER_NAME` varchar(100) NOT NULL COMMENT '创建人姓名(SYS_USER_INFO.USER_NAME)',
  `CREATE_DEPART_ID` varchar(100) DEFAULT NULL COMMENT '创建人所属科室编号(SYS_DEPART_INFO.DEPART_ID)',
  `CREATE_DEPART_NAME` varchar(100) DEFAULT NULL COMMENT '创建人所属科室名称(SYS_DEPART_INFO.DEPART_NAME)',
  `LAST_UPDATE_TIME` datetime DEFAULT NULL COMMENT '最后更新时间',
  `LAST_UPDATE_USER_ID` varchar(100) DEFAULT NULL COMMENT '最后更新人编号(SYS_USER_INFO.USER_ID)',
  `LAST_UPDATE_USER_NAME` varchar(100) DEFAULT NULL COMMENT '最后更新人姓名(SYS_USER_INFO.USER_NAME)',
  `LAST_UPDATE_DEPART_ID` varchar(100) DEFAULT NULL COMMENT '最后更新所属科室编号(SYS_DEPART_INFO.DEPART_ID)',
  `LAST_UPDATE_DEPART_NAME` varchar(100) DEFAULT NULL COMMENT '最后更新所属科室名称(SYS_DEPART_INFO.DEPART_NAME)',
  `sd_id` varchar(100) DEFAULT NULL,
  PRIMARY KEY (`product_type_id`)
) ENGINE=InnoDB AUTO_INCREMENT=14 DEFAULT CHARSET=utf8 COMMENT='产品类别信息表';

/*Data for the table `sd_product_type` */

insert  into `sd_product_type`(`product_type_id`,`product_type_name`,`product_type_index`,`REMARK`,`STATUS`,`CREATE_TIME`,`CREATE_USER_ID`,`CREATE_USER_NAME`,`CREATE_DEPART_ID`,`CREATE_DEPART_NAME`,`LAST_UPDATE_TIME`,`LAST_UPDATE_USER_ID`,`LAST_UPDATE_USER_NAME`,`LAST_UPDATE_DEPART_ID`,`LAST_UPDATE_DEPART_NAME`,`sd_id`) values (11,'类别1',NULL,'','Y','2018-01-02 14:31:01','0000000001','系统管理员','','',NULL,NULL,NULL,NULL,NULL,NULL),(12,'类别2',NULL,'','Y','2018-01-02 14:31:11','0000000001','系统管理员','','',NULL,NULL,NULL,NULL,NULL,NULL),(13,'类别3',NULL,'','Y','2018-01-02 14:31:18','0000000001','系统管理员','','',NULL,NULL,NULL,NULL,NULL,NULL);

/*Table structure for table `sd_push_set` */

DROP TABLE IF EXISTS `sd_push_set`;

CREATE TABLE `sd_push_set` (
  `push_set_id` int(10) NOT NULL AUTO_INCREMENT COMMENT '提成主键',
  `push_set_name` varchar(100) DEFAULT NULL COMMENT '提成名称',
  `push_start_price` varchar(100) DEFAULT NULL COMMENT '提成开始金额',
  `push_end_price` varchar(100) DEFAULT NULL COMMENT '提成结束金额',
  `push_num` varchar(100) DEFAULT NULL COMMENT '提成比例',
  `push_formula` varchar(100) DEFAULT NULL COMMENT '提成公式',
  `REMARK` varchar(100) DEFAULT NULL COMMENT '备注',
  `STATUS` varchar(100) DEFAULT 'Y' COMMENT '状态（Y正常,N禁用）',
  `CREATE_TIME` datetime DEFAULT NULL COMMENT '创建时间',
  `CREATE_USER_ID` varchar(100) NOT NULL COMMENT '创建人编号(SYS_USER_INFO.USER_ID)',
  `CREATE_USER_NAME` varchar(100) NOT NULL COMMENT '创建人姓名(SYS_USER_INFO.USER_NAME)',
  `CREATE_DEPART_ID` varchar(100) DEFAULT NULL COMMENT '创建人所属科室编号(SYS_DEPART_INFO.DEPART_ID)',
  `CREATE_DEPART_NAME` varchar(100) DEFAULT NULL COMMENT '创建人所属科室名称(SYS_DEPART_INFO.DEPART_NAME)',
  `LAST_UPDATE_TIME` datetime DEFAULT NULL COMMENT '最后更新时间',
  `LAST_UPDATE_USER_ID` varchar(100) DEFAULT NULL COMMENT '最后更新人编号(SYS_USER_INFO.USER_ID)',
  `LAST_UPDATE_USER_NAME` varchar(100) DEFAULT NULL COMMENT '最后更新人姓名(SYS_USER_INFO.USER_NAME)',
  `LAST_UPDATE_DEPART_ID` varchar(100) DEFAULT NULL COMMENT '最后更新所属科室编号(SYS_DEPART_INFO.DEPART_ID)',
  `LAST_UPDATE_DEPART_NAME` varchar(100) DEFAULT NULL COMMENT '最后更新所属科室名称(SYS_DEPART_INFO.DEPART_NAME)',
  `sd_id` varchar(100) DEFAULT NULL,
  PRIMARY KEY (`push_set_id`)
) ENGINE=InnoDB AUTO_INCREMENT=20 DEFAULT CHARSET=utf8 COMMENT='提成设置表';

/*Data for the table `sd_push_set` */

insert  into `sd_push_set`(`push_set_id`,`push_set_name`,`push_start_price`,`push_end_price`,`push_num`,`push_formula`,`REMARK`,`STATUS`,`CREATE_TIME`,`CREATE_USER_ID`,`CREATE_USER_NAME`,`CREATE_DEPART_ID`,`CREATE_DEPART_NAME`,`LAST_UPDATE_TIME`,`LAST_UPDATE_USER_ID`,`LAST_UPDATE_USER_NAME`,`LAST_UPDATE_DEPART_ID`,`LAST_UPDATE_DEPART_NAME`,`sd_id`) values (17,'提成1',NULL,NULL,'20',NULL,'','Y','2018-01-02 14:31:32','0000000001','系统管理员','','',NULL,NULL,NULL,NULL,NULL,NULL),(18,'提成2',NULL,NULL,'15',NULL,'','Y','2018-01-02 14:31:42','0000000001','系统管理员','','',NULL,NULL,NULL,NULL,NULL,NULL),(19,'提成3',NULL,NULL,'10',NULL,'','Y','2018-01-02 14:31:53','0000000001','系统管理员','','',NULL,NULL,NULL,NULL,NULL,NULL);

/*Table structure for table `sd_signin_info` */

DROP TABLE IF EXISTS `sd_signin_info`;

CREATE TABLE `sd_signin_info` (
  `signin_id` int(10) unsigned NOT NULL AUTO_INCREMENT COMMENT '签到信息主键',
  `signin_name` varchar(500) NOT NULL COMMENT '签到位置信息',
  `REMARK` varchar(100) DEFAULT NULL COMMENT '备注',
  `STATUS` varchar(100) DEFAULT 'Y' COMMENT '状态（Y正常,N禁用）',
  `CREATE_TIME` timestamp NULL DEFAULT CURRENT_TIMESTAMP ON UPDATE CURRENT_TIMESTAMP COMMENT '创建时间',
  `CREATE_USER_ID` varchar(100) NOT NULL COMMENT '创建人编号(SYS_USER_INFO.USER_ID)',
  `CREATE_USER_NAME` varchar(100) NOT NULL COMMENT '创建人姓名(SYS_USER_INFO.USER_NAME)',
  `CREATE_DEPART_ID` varchar(100) DEFAULT NULL COMMENT '创建人所属科室编号(SYS_DEPART_INFO.DEPART_ID)',
  `CREATE_DEPART_NAME` varchar(100) DEFAULT NULL COMMENT '创建人所属科室名称(SYS_DEPART_INFO.DEPART_NAME)',
  `LAST_UPDATE_TIME` datetime DEFAULT NULL COMMENT '最后更新时间',
  `LAST_UPDATE_USER_ID` varchar(100) DEFAULT NULL COMMENT '最后更新人编号(SYS_USER_INFO.USER_ID)',
  `LAST_UPDATE_USER_NAME` varchar(100) DEFAULT NULL COMMENT '最后更新人姓名(SYS_USER_INFO.USER_NAME)',
  `LAST_UPDATE_DEPART_ID` varchar(100) DEFAULT NULL COMMENT '最后更新所属科室编号(SYS_DEPART_INFO.DEPART_ID)',
  `LAST_UPDATE_DEPART_NAME` varchar(100) DEFAULT NULL COMMENT '最后更新所属科室名称(SYS_DEPART_INFO.DEPART_NAME)',
  PRIMARY KEY (`signin_id`)
) ENGINE=InnoDB AUTO_INCREMENT=15 DEFAULT CHARSET=utf8 COMMENT='签到信息表';

/*Data for the table `sd_signin_info` */

insert  into `sd_signin_info`(`signin_id`,`signin_name`,`REMARK`,`STATUS`,`CREATE_TIME`,`CREATE_USER_ID`,`CREATE_USER_NAME`,`CREATE_DEPART_ID`,`CREATE_DEPART_NAME`,`LAST_UPDATE_TIME`,`LAST_UPDATE_USER_ID`,`LAST_UPDATE_USER_NAME`,`LAST_UPDATE_DEPART_ID`,`LAST_UPDATE_DEPART_NAME`) values (12,'宝山区巨丰商务园(铁山路西)',NULL,'Y','2018-01-03 18:36:43','0000003516','曹操（核价经理）','','',NULL,NULL,NULL,NULL,NULL),(13,'尚未获取到位置信息',NULL,'Y','2018-01-04 13:58:28','0000003516','曹操（核价经理）','','',NULL,NULL,NULL,NULL,NULL),(14,'宝山区万科四季花城别墅(B区)东100米',NULL,'Y','2018-01-20 11:38:01','0000003516','曹操（核价经理）','','',NULL,NULL,NULL,NULL,NULL);

/*Table structure for table `sd_supplier_contact` */

DROP TABLE IF EXISTS `sd_supplier_contact`;

CREATE TABLE `sd_supplier_contact` (
  `contact_id` int(10) NOT NULL AUTO_INCREMENT COMMENT '供应商联系人主键',
  `supplier_id` int(11) DEFAULT NULL COMMENT '供应商编号',
  `contact_name` varchar(100) DEFAULT NULL COMMENT '联系人名称',
  `telephone` varchar(100) DEFAULT NULL COMMENT '座机',
  `mobilephone` varchar(100) DEFAULT NULL COMMENT '手机',
  `email` varchar(100) DEFAULT NULL COMMENT '邮箱',
  `QQ` varchar(100) DEFAULT NULL COMMENT 'QQ号码',
  `WeChat` varchar(100) DEFAULT NULL COMMENT '微信号码',
  `is_default` int(11) DEFAULT NULL COMMENT '是否默认',
  `REMARK` varchar(100) DEFAULT NULL COMMENT '备注',
  `STATUS` varchar(100) DEFAULT 'Y' COMMENT '状态（Y正常,N禁用）',
  `CREATE_TIME` datetime DEFAULT NULL COMMENT '创建时间',
  `CREATE_USER_ID` varchar(100) NOT NULL COMMENT '创建人编号(SYS_USER_INFO.USER_ID)',
  `CREATE_USER_NAME` varchar(100) NOT NULL COMMENT '创建人姓名(SYS_USER_INFO.USER_NAME)',
  `CREATE_DEPART_ID` varchar(100) DEFAULT NULL COMMENT '创建人所属科室编号(SYS_DEPART_INFO.DEPART_ID)',
  `CREATE_DEPART_NAME` varchar(100) DEFAULT NULL COMMENT '创建人所属科室名称(SYS_DEPART_INFO.DEPART_NAME)',
  `LAST_UPDATE_TIME` datetime DEFAULT NULL COMMENT '最后更新时间',
  `LAST_UPDATE_USER_ID` varchar(100) DEFAULT NULL COMMENT '最后更新人编号(SYS_USER_INFO.USER_ID)',
  `LAST_UPDATE_USER_NAME` varchar(100) DEFAULT NULL COMMENT '最后更新人姓名(SYS_USER_INFO.USER_NAME)',
  `LAST_UPDATE_DEPART_ID` varchar(100) DEFAULT NULL COMMENT '最后更新所属科室编号(SYS_DEPART_INFO.DEPART_ID)',
  `LAST_UPDATE_DEPART_NAME` varchar(100) DEFAULT NULL COMMENT '最后更新所属科室名称(SYS_DEPART_INFO.DEPART_NAME)',
  `sd_id` varchar(100) DEFAULT NULL,
  PRIMARY KEY (`contact_id`)
) ENGINE=InnoDB AUTO_INCREMENT=40 DEFAULT CHARSET=utf8 COMMENT='供应商联系人信息表';

/*Data for the table `sd_supplier_contact` */

insert  into `sd_supplier_contact`(`contact_id`,`supplier_id`,`contact_name`,`telephone`,`mobilephone`,`email`,`QQ`,`WeChat`,`is_default`,`REMARK`,`STATUS`,`CREATE_TIME`,`CREATE_USER_ID`,`CREATE_USER_NAME`,`CREATE_DEPART_ID`,`CREATE_DEPART_NAME`,`LAST_UPDATE_TIME`,`LAST_UPDATE_USER_ID`,`LAST_UPDATE_USER_NAME`,`LAST_UPDATE_DEPART_ID`,`LAST_UPDATE_DEPART_NAME`,`sd_id`) values (37,24,'李分','111111','111111','111111','11111','11111',1,NULL,'Y','2018-01-02 14:28:21','0000000001','系统管理员','','',NULL,NULL,NULL,NULL,NULL,NULL),(38,25,'王闯','222','1111','2222','222','222',1,NULL,'Y','2018-01-02 14:28:57','0000000001','系统管理员','','','2018-01-02 14:30:08','0000000001','系统管理员','','',NULL),(39,26,'王晓','3333','3333','3333','3333','333',1,NULL,'Y','2018-01-02 14:29:38','0000000001','系统管理员','','',NULL,NULL,NULL,NULL,NULL,NULL);

/*Table structure for table `sd_supplier_info` */

DROP TABLE IF EXISTS `sd_supplier_info`;

CREATE TABLE `sd_supplier_info` (
  `supplier_id` int(10) NOT NULL AUTO_INCREMENT COMMENT '供应商主键',
  `supplier_name` varchar(100) DEFAULT NULL COMMENT '供应商名称',
  `supplier_address` varchar(100) DEFAULT NULL COMMENT '供应商地址',
  `balance_type` varchar(100) DEFAULT NULL COMMENT '结算方式',
  `bank_account` varchar(100) DEFAULT NULL COMMENT '银行账号',
  `account_holder` varchar(100) DEFAULT NULL COMMENT '开户人',
  `opening_bank` varchar(100) DEFAULT NULL COMMENT '开户行',
  `REMARK` varchar(100) DEFAULT NULL COMMENT '备注',
  `STATUS` varchar(100) DEFAULT 'Y' COMMENT '状态（Y正常,N禁用）',
  `CREATE_TIME` datetime DEFAULT NULL COMMENT '创建时间',
  `CREATE_USER_ID` varchar(100) NOT NULL COMMENT '创建人编号(SYS_USER_INFO.USER_ID)',
  `CREATE_USER_NAME` varchar(100) NOT NULL COMMENT '创建人姓名(SYS_USER_INFO.USER_NAME)',
  `CREATE_DEPART_ID` varchar(100) DEFAULT NULL COMMENT '创建人所属科室编号(SYS_DEPART_INFO.DEPART_ID)',
  `CREATE_DEPART_NAME` varchar(100) DEFAULT NULL COMMENT '创建人所属科室名称(SYS_DEPART_INFO.DEPART_NAME)',
  `LAST_UPDATE_TIME` datetime DEFAULT NULL COMMENT '最后更新时间',
  `LAST_UPDATE_USER_ID` varchar(100) DEFAULT NULL COMMENT '最后更新人编号(SYS_USER_INFO.USER_ID)',
  `LAST_UPDATE_USER_NAME` varchar(100) DEFAULT NULL COMMENT '最后更新人姓名(SYS_USER_INFO.USER_NAME)',
  `LAST_UPDATE_DEPART_ID` varchar(100) DEFAULT NULL COMMENT '最后更新所属科室编号(SYS_DEPART_INFO.DEPART_ID)',
  `LAST_UPDATE_DEPART_NAME` varchar(100) DEFAULT NULL COMMENT '最后更新所属科室名称(SYS_DEPART_INFO.DEPART_NAME)',
  `sd_id` varchar(100) DEFAULT NULL,
  PRIMARY KEY (`supplier_id`)
) ENGINE=InnoDB AUTO_INCREMENT=46 DEFAULT CHARSET=utf8 COMMENT='供应商信息表';

/*Data for the table `sd_supplier_info` */

insert  into `sd_supplier_info`(`supplier_id`,`supplier_name`,`supplier_address`,`balance_type`,`bank_account`,`account_holder`,`opening_bank`,`REMARK`,`STATUS`,`CREATE_TIME`,`CREATE_USER_ID`,`CREATE_USER_NAME`,`CREATE_DEPART_ID`,`CREATE_DEPART_NAME`,`LAST_UPDATE_TIME`,`LAST_UPDATE_USER_ID`,`LAST_UPDATE_USER_NAME`,`LAST_UPDATE_DEPART_ID`,`LAST_UPDATE_DEPART_NAME`,`sd_id`) values (24,'安捷包装','江苏','现金','1111111','李分','建行','','Y','2018-01-02 14:28:21','0000000001','系统管理员','','',NULL,NULL,NULL,NULL,NULL,NULL),(25,'十达科技','上海','支票','11111','王闯','11111','',NULL,'2018-01-02 14:28:57','0000000001','系统管理员','','','2018-01-02 14:30:08',NULL,NULL,NULL,NULL,NULL),(26,'加软公司','上海','','11111','','','','Y','2018-01-02 14:29:38','0000000001','系统管理员','','',NULL,NULL,NULL,NULL,NULL,NULL),(27,'大于',NULL,NULL,NULL,NULL,NULL,NULL,'Y','2018-01-02 15:33:54','0000003514','小乔（采购员）',NULL,NULL,NULL,NULL,NULL,NULL,NULL,NULL),(28,'旺旺',NULL,NULL,NULL,NULL,NULL,NULL,'Y','2018-01-02 15:34:22','0000003514','小乔（采购员）',NULL,NULL,NULL,NULL,NULL,NULL,NULL,NULL),(29,'答答',NULL,NULL,NULL,NULL,NULL,NULL,'Y','2018-01-02 16:20:44','0000003514','小乔（采购员）',NULL,NULL,NULL,NULL,NULL,NULL,NULL,NULL),(30,'上海供应商',NULL,NULL,NULL,NULL,NULL,NULL,'Y','2018-01-02 17:01:22','0000003514','小乔（采购员）',NULL,NULL,NULL,NULL,NULL,NULL,NULL,NULL),(31,'eeee',NULL,NULL,NULL,NULL,NULL,NULL,'Y','2018-01-03 17:52:35','0000003514','小乔（采购员）',NULL,NULL,NULL,NULL,NULL,NULL,NULL,NULL),(32,'yyy',NULL,NULL,NULL,NULL,NULL,NULL,'Y','2018-01-03 18:05:20','0000003514','小乔（采购员）',NULL,NULL,NULL,NULL,NULL,NULL,NULL,NULL),(33,'123',NULL,NULL,NULL,NULL,NULL,NULL,'Y','2018-01-03 18:19:31','0000003514','小乔（采购员）',NULL,NULL,NULL,NULL,NULL,NULL,NULL,NULL),(34,'345',NULL,NULL,NULL,NULL,NULL,NULL,'Y','2018-01-03 18:19:48','0000003514','小乔（采购员）',NULL,NULL,NULL,NULL,NULL,NULL,NULL,NULL),(35,'34',NULL,NULL,NULL,NULL,NULL,NULL,'Y','2018-01-03 18:19:55','0000003514','小乔（采购员）',NULL,NULL,NULL,NULL,NULL,NULL,NULL,NULL),(36,'敏捷',NULL,NULL,NULL,NULL,NULL,NULL,'Y','2018-01-03 18:47:20','0000003514','小乔（采购员）',NULL,NULL,NULL,NULL,NULL,NULL,NULL,NULL),(37,'路过',NULL,NULL,NULL,NULL,NULL,NULL,'Y','2018-01-03 18:47:36','0000003514','小乔（采购员）',NULL,NULL,NULL,NULL,NULL,NULL,NULL,NULL),(38,'飞机',NULL,NULL,NULL,NULL,NULL,NULL,'Y','2018-01-03 18:47:48','0000003514','小乔（采购员）',NULL,NULL,NULL,NULL,NULL,NULL,NULL,NULL),(39,'大区',NULL,NULL,NULL,NULL,NULL,NULL,'Y','2018-01-03 18:48:04','0000003514','小乔（采购员）',NULL,NULL,NULL,NULL,NULL,NULL,NULL,NULL),(40,'000',NULL,NULL,NULL,NULL,NULL,NULL,'Y','2018-01-03 18:48:27','0000003514','小乔（采购员）',NULL,NULL,NULL,NULL,NULL,NULL,NULL,NULL),(41,'哟哟哟',NULL,NULL,NULL,NULL,NULL,NULL,'Y','2018-01-03 19:51:49','0000003514','小乔（采购员）',NULL,NULL,NULL,NULL,NULL,NULL,NULL,NULL),(42,'222',NULL,NULL,NULL,NULL,NULL,NULL,'Y','2018-01-04 09:50:02','0000003514','小乔（采购员）',NULL,NULL,NULL,NULL,NULL,NULL,NULL,NULL),(43,'9999',NULL,NULL,NULL,NULL,NULL,NULL,'Y','2018-01-08 14:25:34','0000003514','小乔（采购员）',NULL,NULL,NULL,NULL,NULL,NULL,NULL,NULL),(44,'速度快解放',NULL,NULL,NULL,NULL,NULL,NULL,'Y','2018-01-08 14:25:51','0000003514','小乔（采购员）',NULL,NULL,NULL,NULL,NULL,NULL,NULL,NULL),(45,'ddddddd',NULL,NULL,NULL,NULL,NULL,NULL,'Y','2018-01-24 13:33:15','0000003514','小乔（采购员）',NULL,NULL,NULL,NULL,NULL,NULL,NULL,NULL);

/*Table structure for table `sys_approven_function` */

DROP TABLE IF EXISTS `sys_approven_function`;

CREATE TABLE `sys_approven_function` (
  `APPROVEN_FUNCTION_ID` varchar(10) NOT NULL COMMENT '审批功能主键',
  `APPROVEN_FUNCTION_NAME` varchar(100) NOT NULL COMMENT '审批功能名称',
  `REMARK` varchar(100) DEFAULT NULL COMMENT '备注',
  `STATUS` varchar(100) DEFAULT 'Y' COMMENT '状态（Y正常,N禁用）',
  `CREATE_TIME` timestamp NULL DEFAULT CURRENT_TIMESTAMP ON UPDATE CURRENT_TIMESTAMP COMMENT '创建时间',
  `CREATE_USER_ID` varchar(100) NOT NULL COMMENT '创建人编号(SYS_USER_INFO.USER_ID)',
  `CREATE_USER_NAME` varchar(100) NOT NULL COMMENT '创建人姓名(SYS_USER_INFO.USER_NAME)',
  `CREATE_DEPART_ID` varchar(100) DEFAULT NULL COMMENT '创建人所属科室编号(SYS_DEPART_INFO.DEPART_ID)',
  `CREATE_DEPART_NAME` varchar(100) DEFAULT NULL COMMENT '创建人所属科室名称(SYS_DEPART_INFO.DEPART_NAME)',
  `LAST_UPDATE_TIME` datetime DEFAULT NULL COMMENT '最后更新时间',
  `LAST_UPDATE_USER_ID` varchar(100) DEFAULT NULL COMMENT '最后更新人编号(SYS_USER_INFO.USER_ID)',
  `LAST_UPDATE_USER_NAME` varchar(100) DEFAULT NULL COMMENT '最后更新人姓名(SYS_USER_INFO.USER_NAME)',
  `LAST_UPDATE_DEPART_ID` varchar(100) DEFAULT NULL COMMENT '最后更新所属科室编号(SYS_DEPART_INFO.DEPART_ID)',
  `LAST_UPDATE_DEPART_NAME` varchar(100) DEFAULT NULL COMMENT '最后更新所属科室名称(SYS_DEPART_INFO.DEPART_NAME)',
  PRIMARY KEY (`APPROVEN_FUNCTION_ID`)
) ENGINE=InnoDB DEFAULT CHARSET=utf8;

/*Data for the table `sys_approven_function` */

/*Table structure for table `sys_approven_function_rule` */

DROP TABLE IF EXISTS `sys_approven_function_rule`;

CREATE TABLE `sys_approven_function_rule` (
  `APPROVEN_RULE_ID` int(10) unsigned zerofill NOT NULL AUTO_INCREMENT COMMENT '审批规则编号',
  `APPROVEN_RULE_NAME` varchar(100) NOT NULL COMMENT '审批规则名称',
  `APPROVEN_FUNCTION_ID` varchar(10) NOT NULL COMMENT '审批功能主键',
  `APPROVEN_FUNCTION_NAME` varchar(100) NOT NULL COMMENT '审批功能名称',
  `RULE_IS_ORDERLY` varchar(10) NOT NULL COMMENT '师傅按序审批(1：有序审批、2、无序审批)',
  `RULE_EXP` varchar(255) DEFAULT NULL COMMENT '审批规则表达式',
  `RULE_TYPE` varchar(55) DEFAULT '1' COMMENT '审批类型（1、按部门审批、2按金额审批、3、其他）',
  `APPROVEN_REMARK` varchar(100) DEFAULT NULL COMMENT '审批功能描述',
  `APPROVEN_TEAM_ID` varchar(100) DEFAULT NULL COMMENT '审批班组编号(SYS_DEPART_INFO.DEPART_ID)',
  `APPROVEN_TEAM_NAME` varchar(100) DEFAULT NULL COMMENT '审批班组名称(SYS_DEPART_INFO.DEPART_NAME)',
  `APPROVEN_DEPART_ID` varchar(100) DEFAULT NULL COMMENT '审批科室编号(SYS_DEPART_INFO.DEPART_ID)',
  `APPROVEN_DEPART_NAME` varchar(100) DEFAULT NULL COMMENT '审批科室名称(SYS_DEPART_INFO.DEPART_NAME)',
  `APPROVEN_UNIT_ID` varchar(100) DEFAULT NULL COMMENT '审批单位编号(SYS_DEPART_INFO.DEPART_ID)',
  `APPROVEN_UNIT_NAME` varchar(100) DEFAULT NULL,
  `REMARK` varchar(100) DEFAULT NULL COMMENT '备注',
  `STATUS` varchar(100) DEFAULT 'Y' COMMENT '状态（Y正常,N禁用）',
  `CREATE_TIME` timestamp NULL DEFAULT CURRENT_TIMESTAMP ON UPDATE CURRENT_TIMESTAMP COMMENT '创建时间',
  `CREATE_USER_ID` varchar(100) NOT NULL COMMENT '创建人编号(SYS_USER_INFO.USER_ID)',
  `CREATE_USER_NAME` varchar(100) NOT NULL COMMENT '创建人姓名(SYS_USER_INFO.USER_NAME)',
  `CREATE_DEPART_ID` varchar(100) DEFAULT NULL COMMENT '创建人所属科室编号(SYS_DEPART_INFO.DEPART_ID)',
  `CREATE_DEPART_NAME` varchar(100) DEFAULT NULL COMMENT '创建人所属科室名称(SYS_DEPART_INFO.DEPART_NAME)',
  `LAST_UPDATE_TIME` datetime DEFAULT NULL COMMENT '最后更新时间',
  `LAST_UPDATE_USER_ID` varchar(100) DEFAULT NULL COMMENT '最后更新人编号(SYS_USER_INFO.USER_ID)',
  `LAST_UPDATE_USER_NAME` varchar(100) DEFAULT NULL COMMENT '最后更新人姓名(SYS_USER_INFO.USER_NAME)',
  `LAST_UPDATE_DEPART_ID` varchar(100) DEFAULT NULL COMMENT '最后更新所属科室编号(SYS_DEPART_INFO.DEPART_ID)',
  `LAST_UPDATE_DEPART_NAME` varchar(100) DEFAULT NULL COMMENT '最后更新所属科室名称(SYS_DEPART_INFO.DEPART_NAME)',
  PRIMARY KEY (`APPROVEN_RULE_ID`)
) ENGINE=InnoDB AUTO_INCREMENT=3 DEFAULT CHARSET=utf8;

/*Data for the table `sys_approven_function_rule` */

insert  into `sys_approven_function_rule`(`APPROVEN_RULE_ID`,`APPROVEN_RULE_NAME`,`APPROVEN_FUNCTION_ID`,`APPROVEN_FUNCTION_NAME`,`RULE_IS_ORDERLY`,`RULE_EXP`,`RULE_TYPE`,`APPROVEN_REMARK`,`APPROVEN_TEAM_ID`,`APPROVEN_TEAM_NAME`,`APPROVEN_DEPART_ID`,`APPROVEN_DEPART_NAME`,`APPROVEN_UNIT_ID`,`APPROVEN_UNIT_NAME`,`REMARK`,`STATUS`,`CREATE_TIME`,`CREATE_USER_ID`,`CREATE_USER_NAME`,`CREATE_DEPART_ID`,`CREATE_DEPART_NAME`,`LAST_UPDATE_TIME`,`LAST_UPDATE_USER_ID`,`LAST_UPDATE_USER_NAME`,`LAST_UPDATE_DEPART_ID`,`LAST_UPDATE_DEPART_NAME`) values (0000000001,'公司请假','00001','请假','1',NULL,'1','测试','','','','',NULL,NULL,NULL,'Y','2017-02-16 15:12:02','0000000001','系统管理员','','',NULL,NULL,NULL,NULL,NULL),(0000000002,'十达工贸-销售一部','1','请假','1',NULL,NULL,NULL,'','','001001002001001','销售一部','001001002','十达工贸',NULL,'Y','2017-08-07 18:56:59','0000000001','系统管理员','','',NULL,NULL,NULL,NULL,NULL);

/*Table structure for table `sys_approven_rule_person` */

DROP TABLE IF EXISTS `sys_approven_rule_person`;

CREATE TABLE `sys_approven_rule_person` (
  `approven_person_id` int(10) unsigned zerofill NOT NULL AUTO_INCREMENT COMMENT '审批规则编号',
  `APPROVEN_RULE_ID` varchar(10) NOT NULL COMMENT '审批规则编号',
  `APPROVEN_RULE_NAME` varchar(100) NOT NULL COMMENT '审批规则名称',
  `APPROVEN_FUNCTION_ID` varchar(10) NOT NULL COMMENT '审批功能主键',
  `APPROVEN_FUNCTION_NAME` varchar(100) NOT NULL COMMENT '审批功能名称',
  `approven_user_id` varchar(100) NOT NULL COMMENT '审批人编号(SYS_USER_INFO.USER_ID)',
  `approven_user_name` varchar(100) NOT NULL COMMENT '审批人姓名(SYS_USER_INFO.USER_NAME)',
  `approven_depart_id` varchar(100) DEFAULT NULL COMMENT '审批人所属科室编号(SYS_DEPART_INFO.DEPART_ID)',
  `approven_depart_name` varchar(100) DEFAULT NULL COMMENT '审批人所属科室名称(SYS_DEPART_INFO.DEPART_NAME)',
  `rule_order` varchar(100) NOT NULL COMMENT '审批顺序',
  `REMARK` varchar(100) DEFAULT NULL COMMENT '备注',
  `STATUS` varchar(100) DEFAULT NULL COMMENT '状态（Y正常,N禁用）',
  `CREATE_TIME` timestamp NULL DEFAULT CURRENT_TIMESTAMP ON UPDATE CURRENT_TIMESTAMP COMMENT '创建时间',
  `CREATE_USER_ID` varchar(100) NOT NULL COMMENT '创建人编号(SYS_USER_INFO.USER_ID)',
  `CREATE_USER_NAME` varchar(100) NOT NULL COMMENT '创建人姓名(SYS_USER_INFO.USER_NAME)',
  `CREATE_DEPART_ID` varchar(100) DEFAULT NULL COMMENT '创建人所属科室编号(SYS_DEPART_INFO.DEPART_ID)',
  `CREATE_DEPART_NAME` varchar(100) DEFAULT NULL COMMENT '创建人所属科室名称(SYS_DEPART_INFO.DEPART_NAME)',
  `LAST_UPDATE_TIME` datetime DEFAULT NULL COMMENT '最后更新时间',
  `LAST_UPDATE_USER_ID` varchar(100) DEFAULT NULL COMMENT '最后更新人编号(SYS_USER_INFO.USER_ID)',
  `LAST_UPDATE_USER_NAME` varchar(100) DEFAULT NULL COMMENT '最后更新人姓名(SYS_USER_INFO.USER_NAME)',
  `LAST_UPDATE_DEPART_ID` varchar(100) DEFAULT NULL COMMENT '最后更新所属科室编号(SYS_DEPART_INFO.DEPART_ID)',
  `LAST_UPDATE_DEPART_NAME` varchar(100) DEFAULT NULL COMMENT '最后更新所属科室名称(SYS_DEPART_INFO.DEPART_NAME)',
  PRIMARY KEY (`approven_person_id`)
) ENGINE=InnoDB AUTO_INCREMENT=19 DEFAULT CHARSET=utf8;

/*Data for the table `sys_approven_rule_person` */

insert  into `sys_approven_rule_person`(`approven_person_id`,`APPROVEN_RULE_ID`,`APPROVEN_RULE_NAME`,`APPROVEN_FUNCTION_ID`,`APPROVEN_FUNCTION_NAME`,`approven_user_id`,`approven_user_name`,`approven_depart_id`,`approven_depart_name`,`rule_order`,`REMARK`,`STATUS`,`CREATE_TIME`,`CREATE_USER_ID`,`CREATE_USER_NAME`,`CREATE_DEPART_ID`,`CREATE_DEPART_NAME`,`LAST_UPDATE_TIME`,`LAST_UPDATE_USER_ID`,`LAST_UPDATE_USER_NAME`,`LAST_UPDATE_DEPART_ID`,`LAST_UPDATE_DEPART_NAME`) values (0000000016,'0000000001','公司请假','00001','请假','1','系统管理员','','','1',NULL,NULL,'2017-02-16 17:37:34','0000000001','系统管理员','','',NULL,NULL,NULL,NULL,NULL),(0000000017,'0000000002','十达工贸-销售一部','1','请假','1','系统管理员','','','1',NULL,NULL,'2017-08-07 20:19:50','0000000001','系统管理员','','',NULL,NULL,NULL,NULL,NULL),(0000000018,'0000000002','十达工贸-销售一部','1','请假','3463','梁鹏','001001002001002','销售二部','2',NULL,NULL,'2017-08-07 20:59:00','0000000001','系统管理员','','',NULL,NULL,NULL,NULL,NULL);

/*Table structure for table `sys_approven_task` */

DROP TABLE IF EXISTS `sys_approven_task`;

CREATE TABLE `sys_approven_task` (
  `TASK_ID` varchar(10) NOT NULL COMMENT '任务编号',
  `TASK_NAME` varchar(10) NOT NULL COMMENT '任务名称',
  `APPROVEN_PERSON_ID` varchar(100) NOT NULL COMMENT '审批人规则id（sys_approven_rule.approven_rule_id）',
  `APPROVEN_RULE_ID` varchar(10) NOT NULL COMMENT '规则id（sys_approven_rule.approven_rule_id）',
  `APPROVEN_RULE_NAME` varchar(100) NOT NULL COMMENT '规则名称（sys_approven_rule.approven_rule_name）',
  `APPROVEN_FUNCTION_ID` varchar(10) NOT NULL COMMENT '审批功能编号（sys_approven_function.approven_function_id）',
  `APPROVEN_FUNCTION_NAME` varchar(100) NOT NULL COMMENT '审批功能名称（sys_approven_function.approven_function_name）',
  `approven_user_id` varchar(100) NOT NULL COMMENT '审批人编号(SYS_USER_INFO.USER_ID)',
  `approven_user_name` varchar(100) NOT NULL COMMENT '审批人姓名(SYS_USER_INFO.USER_NAME)',
  `RULE_ORDER` int(100) NOT NULL COMMENT '审批人顺序',
  `APPROVEN_SEND_TIME` datetime DEFAULT NULL COMMENT '审批发起时间',
  `APPROVEN_END_TIME` datetime DEFAULT NULL COMMENT '审批完成时间',
  `APPROVEN_STATUS` varchar(100) NOT NULL COMMENT '当前状态（1：未审批、2已审批）',
  `SOURCE_TABLE` varchar(100) NOT NULL COMMENT '数据来源表名称(具体业务表名)',
  `SOURCE_TABLE_PK_COLUMN_NAME` varchar(100) NOT NULL COMMENT '数据来源表主键列名称(具体业务表名.主键)',
  `SOURCE_TABLE_PK_COLUMN_VALUE` varchar(100) NOT NULL COMMENT '数据来源表主键列对应数据(具体业务表名.主键对应数据)',
  `APPROVEN_REMARK` varchar(100) NOT NULL COMMENT '审批意见',
  `RULE_ORDER_OLD` int(100) NOT NULL COMMENT '原始序号',
  `REMARK` varchar(100) DEFAULT NULL COMMENT '备注',
  `STATUS` varchar(100) DEFAULT 'Y' COMMENT '状态（Y正常,N禁用）',
  `CREATE_TIME` timestamp NULL DEFAULT CURRENT_TIMESTAMP COMMENT '创建时间',
  `CREATE_USER_ID` varchar(100) NOT NULL COMMENT '创建人编号(SYS_USER_INFO.USER_ID)',
  `CREATE_USER_NAME` varchar(100) NOT NULL COMMENT '创建人姓名(SYS_USER_INFO.USER_NAME)',
  `CREATE_DEPART_ID` varchar(100) DEFAULT NULL COMMENT '创建人所属科室编号(SYS_DEPART_INFO.DEPART_ID)',
  `CREATE_DEPART_NAME` varchar(100) DEFAULT NULL COMMENT '创建人所属科室名称(SYS_DEPART_INFO.DEPART_NAME)',
  `LAST_UPDATE_TIME` datetime DEFAULT NULL COMMENT '最后更新时间',
  `LAST_UPDATE_USER_ID` varchar(100) DEFAULT NULL COMMENT '最后更新人编号(SYS_USER_INFO.USER_ID)',
  `LAST_UPDATE_USER_NAME` varchar(100) DEFAULT NULL COMMENT '最后更新人姓名(SYS_USER_INFO.USER_NAME)',
  `LAST_UPDATE_DEPART_ID` varchar(100) DEFAULT NULL COMMENT '最后更新所属科室编号(SYS_DEPART_INFO.DEPART_ID)',
  `LAST_UPDATE_DEPART_NAME` varchar(100) DEFAULT NULL COMMENT '最后更新所属科室名称(SYS_DEPART_INFO.DEPART_NAME)',
  PRIMARY KEY (`TASK_ID`)
) ENGINE=InnoDB DEFAULT CHARSET=utf8;

/*Data for the table `sys_approven_task` */

/*Table structure for table `sys_approven_tasked` */

DROP TABLE IF EXISTS `sys_approven_tasked`;

CREATE TABLE `sys_approven_tasked` (
  `TASK_ID` varchar(10) NOT NULL COMMENT '任务编号',
  `TASK_NAME` varchar(10) NOT NULL COMMENT '任务名称',
  `APPROVEN_PERSON_ID` varchar(100) NOT NULL COMMENT '审批人规则id（sys_approven_rule.approven_rule_id）',
  `APPROVEN_RULE_ID` varchar(10) NOT NULL COMMENT '规则id（sys_approven_rule.approven_rule_id）',
  `APPROVEN_RULE_NAME` varchar(100) NOT NULL COMMENT '规则名称（sys_approven_rule.approven_rule_name）',
  `APPROVEN_FUNCTION_ID` varchar(10) NOT NULL COMMENT '审批功能编号（sys_approven_function.approven_function_id）',
  `APPROVEN_FUNCTION_NAME` varchar(100) NOT NULL COMMENT '审批功能名称（sys_approven_function.approven_function_name）',
  `approven_user_id` varchar(100) NOT NULL COMMENT '审批人编号(SYS_USER_INFO.USER_ID)',
  `approven_user_name` varchar(100) NOT NULL COMMENT '审批人姓名(SYS_USER_INFO.USER_NAME)',
  `RULE_ORDER` varchar(100) NOT NULL COMMENT '审批人顺序',
  `APPROVEN_SEND_TIME` datetime DEFAULT NULL COMMENT '审批发起时间',
  `APPROVEN_END_TIME` datetime DEFAULT NULL COMMENT '审批完成时间',
  `APPROVEN_RESULT` varchar(100) DEFAULT NULL COMMENT '审批结果（1：通过、2：不通过、3：暂不处理）',
  `APPROVEN_STATUS` varchar(100) NOT NULL DEFAULT '2' COMMENT '当前状态（1：未审批、2已审批）',
  `SOURCE_TABLE` varchar(100) NOT NULL COMMENT '数据来源表名称(具体业务表名)',
  `SOURCE_TABLE_PK_COLUMN_NAME` varchar(100) NOT NULL COMMENT '数据来源表主键列名称(具体业务表名.主键)',
  `SOURCE_TABLE_PK_COLUMN_VALUE` varchar(100) NOT NULL COMMENT '数据来源表主键列对应数据(具体业务表名.主键对应数据)',
  `APPROVEN_REMARK` varchar(100) NOT NULL COMMENT '审批意见',
  `RULE_ORDER_OLD` varchar(100) NOT NULL COMMENT '原始序号',
  `REMARK` varchar(100) DEFAULT NULL COMMENT '备注',
  `STATUS` varchar(100) DEFAULT 'Y' COMMENT '状态（Y正常,N禁用）',
  `CREATE_TIME` timestamp NULL DEFAULT CURRENT_TIMESTAMP COMMENT '创建时间',
  `CREATE_USER_ID` varchar(100) NOT NULL COMMENT '创建人编号(SYS_USER_INFO.USER_ID)',
  `CREATE_USER_NAME` varchar(100) NOT NULL COMMENT '创建人姓名(SYS_USER_INFO.USER_NAME)',
  `CREATE_DEPART_ID` varchar(100) DEFAULT NULL COMMENT '创建人所属科室编号(SYS_DEPART_INFO.DEPART_ID)',
  `CREATE_DEPART_NAME` varchar(100) DEFAULT NULL COMMENT '创建人所属科室名称(SYS_DEPART_INFO.DEPART_NAME)',
  `LAST_UPDATE_TIME` datetime DEFAULT NULL COMMENT '最后更新时间',
  `LAST_UPDATE_USER_ID` varchar(100) DEFAULT NULL COMMENT '最后更新人编号(SYS_USER_INFO.USER_ID)',
  `LAST_UPDATE_USER_NAME` varchar(100) DEFAULT NULL COMMENT '最后更新人姓名(SYS_USER_INFO.USER_NAME)',
  `LAST_UPDATE_DEPART_ID` varchar(100) DEFAULT NULL COMMENT '最后更新所属科室编号(SYS_DEPART_INFO.DEPART_ID)',
  `LAST_UPDATE_DEPART_NAME` varchar(100) DEFAULT NULL COMMENT '最后更新所属科室名称(SYS_DEPART_INFO.DEPART_NAME)',
  PRIMARY KEY (`TASK_ID`)
) ENGINE=InnoDB DEFAULT CHARSET=utf8;

/*Data for the table `sys_approven_tasked` */

/*Table structure for table `sys_depart_info` */

DROP TABLE IF EXISTS `sys_depart_info`;

CREATE TABLE `sys_depart_info` (
  `DEPART_ID` varchar(100) NOT NULL COMMENT '主键',
  `DEPART_NAME` varchar(100) NOT NULL COMMENT '组织名称',
  `DEPART_DESC` varchar(100) NOT NULL COMMENT '组织描述',
  `UNIT_ID` varchar(10) NOT NULL COMMENT '单位编号',
  `UNIT_NAME` varchar(100) NOT NULL COMMENT '单位名称',
  `PARENT_DEPART_ID` varchar(100) NOT NULL COMMENT '父节点id',
  `DEPART_SEQUE` int(11) NOT NULL COMMENT '顺序',
  `IS_VIRTUAL` varchar(100) NOT NULL COMMENT '是否虚节点（0：虚节点，1：实节点）',
  `NODE_TYPE` varchar(100) NOT NULL COMMENT '(0：根节点、1：单位、2：部门、3：科室、4：班组、5：角色)',
  `REMARK` varchar(100) DEFAULT NULL COMMENT '备注',
  `STATUS` varchar(100) DEFAULT 'Y' COMMENT '状态（Y正常,N禁用）',
  `CREATE_TIME` timestamp NULL DEFAULT CURRENT_TIMESTAMP COMMENT '创建时间',
  `CREATE_USER_ID` varchar(100) NOT NULL COMMENT '创建人编号(SYS_USER_INFO.USER_ID)',
  `CREATE_USER_NAME` varchar(100) NOT NULL COMMENT '创建人姓名(SYS_USER_INFO.USER_NAME)',
  `CREATE_DEPART_ID` varchar(100) DEFAULT NULL COMMENT '创建人所属科室编号(SYS_DEPART_INFO.DEPART_ID)',
  `CREATE_DEPART_NAME` varchar(100) DEFAULT NULL COMMENT '创建人所属科室名称(SYS_DEPART_INFO.DEPART_NAME)',
  `LAST_UPDATE_TIME` datetime DEFAULT NULL COMMENT '最后更新时间',
  `LAST_UPDATE_USER_ID` varchar(100) DEFAULT NULL COMMENT '最后更新人编号(SYS_USER_INFO.USER_ID)',
  `LAST_UPDATE_USER_NAME` varchar(100) DEFAULT NULL COMMENT '最后更新人姓名(SYS_USER_INFO.USER_NAME)',
  `LAST_UPDATE_DEPART_ID` varchar(100) DEFAULT NULL COMMENT '最后更新所属科室编号(SYS_DEPART_INFO.DEPART_ID)',
  `LAST_UPDATE_DEPART_NAME` varchar(100) DEFAULT NULL COMMENT '最后更新所属科室名称(SYS_DEPART_INFO.DEPART_NAME)',
  PRIMARY KEY (`DEPART_ID`)
) ENGINE=InnoDB DEFAULT CHARSET=utf8;

/*Data for the table `sys_depart_info` */

insert  into `sys_depart_info`(`DEPART_ID`,`DEPART_NAME`,`DEPART_DESC`,`UNIT_ID`,`UNIT_NAME`,`PARENT_DEPART_ID`,`DEPART_SEQUE`,`IS_VIRTUAL`,`NODE_TYPE`,`REMARK`,`STATUS`,`CREATE_TIME`,`CREATE_USER_ID`,`CREATE_USER_NAME`,`CREATE_DEPART_ID`,`CREATE_DEPART_NAME`,`LAST_UPDATE_TIME`,`LAST_UPDATE_USER_ID`,`LAST_UPDATE_USER_NAME`,`LAST_UPDATE_DEPART_ID`,`LAST_UPDATE_DEPART_NAME`) values ('001','安捷包装','安捷包装','001','海容集团','-1',1,'1','0',NULL,'Y','2017-02-16 13:47:57','0000000001','系统管理员',NULL,NULL,NULL,NULL,NULL,NULL,NULL),('001001','单位','单位','001','海容集团','001',1,'0','1',NULL,'Y','2017-02-16 13:47:57','0000000001','系统管理员',NULL,NULL,NULL,NULL,NULL,NULL,NULL),('001001001','包装部','111','001001001','包装部','001001',1,'1','1',NULL,'Y','2017-10-25 10:00:01','0000000001','系统管理员','','',NULL,NULL,NULL,NULL,NULL),('001001001001','部门','部门','001001001','包装部','001001001',1,'0','2',NULL,'Y','2017-10-25 10:00:01','0000000001','系统管理员','','',NULL,NULL,NULL,NULL,NULL),('001001001002','角色','角色','001001001','包装部','001001001',1,'0','5',NULL,'Y','2017-10-25 10:00:01','0000000001','系统管理员','','',NULL,NULL,NULL,NULL,NULL),('001001001002001','系统管理员','角色','001001001','包装部','001001001002',0,'1','5',NULL,'Y','2017-10-25 11:05:37','0000000001','系统管理员','','','2017-11-23 10:16:32','0000000001','系统管理员','',''),('001001001002002','外协经理','角色','001001001','包装部','001001001002',1,'1','5',NULL,'Y','2017-10-25 11:06:16','0000000001','系统管理员','','',NULL,NULL,NULL,NULL,NULL),('001001001002003','采购经理','角色','001001001','包装部','001001001002',2,'1','5',NULL,'Y','2017-10-25 11:06:33','0000000001','系统管理员','','','2017-10-26 15:22:26','0000000001','系统管理员','',''),('001001001002004','检验经理','角色','001001001','包装部','001001001002',3,'1','5',NULL,'Y','2017-10-25 11:06:52','0000000001','系统管理员','','','2017-10-27 11:23:25','0000000001','系统管理员','',''),('001001001002005','采购员','角色','001001001','包装部','001001001002',4,'1','5',NULL,'Y','2017-10-25 11:08:21','0000000001','系统管理员','','','2017-10-27 11:06:14','0000000001','系统管理员','',''),('001001001002006','检验员','角色','001001001','包装部','001001001002',5,'1','5',NULL,'Y','2017-10-25 11:08:38','0000000001','系统管理员','','','2017-10-27 11:28:12','0000000001','系统管理员','',''),('001001001002007','核价经理','角色','001001001','包装部','001001001002',6,'1','5',NULL,'Y','2017-11-27 14:34:01','0000000001','系统管理员','','',NULL,NULL,NULL,NULL,NULL);

/*Table structure for table `sys_dictionary_info` */

DROP TABLE IF EXISTS `sys_dictionary_info`;

CREATE TABLE `sys_dictionary_info` (
  `DICTIONARY_ID` varchar(10) NOT NULL COMMENT '字典主键',
  `DICTIONARY_NAME` varchar(100) NOT NULL COMMENT '字典名称',
  `DICTIONARY_DESC` varchar(100) NOT NULL COMMENT '字典内容描述',
  `DICTIONARY_TYPE_ID` varchar(10) NOT NULL COMMENT '字典内容类型(SYS_DICTIONARY_INFO.DICTIONARY_YTPE_ID)',
  `REMARK` varchar(100) DEFAULT NULL COMMENT '备注',
  `STATUS` varchar(100) DEFAULT 'Y' COMMENT '状态（Y正常,N禁用）',
  `CREATE_TIME` timestamp NULL DEFAULT CURRENT_TIMESTAMP COMMENT '创建时间',
  `CREATE_USER_ID` varchar(100) NOT NULL COMMENT '创建人编号(SYS_USER_INFO.USER_ID)',
  `CREATE_USER_NAME` varchar(100) NOT NULL COMMENT '创建人姓名(SYS_USER_INFO.USER_NAME)',
  `CREATE_DEPART_ID` varchar(100) DEFAULT NULL COMMENT '创建人所属科室编号(SYS_DEPART_INFO.DEPART_ID)',
  `CREATE_DEPART_NAME` varchar(100) DEFAULT NULL COMMENT '创建人所属科室名称(SYS_DEPART_INFO.DEPART_NAME)',
  `LAST_UPDATE_TIME` datetime DEFAULT NULL COMMENT '最后更新时间',
  `LAST_UPDATE_USER_ID` varchar(100) DEFAULT NULL COMMENT '最后更新人编号(SYS_USER_INFO.USER_ID)',
  `LAST_UPDATE_USER_NAME` varchar(100) DEFAULT NULL COMMENT '最后更新人姓名(SYS_USER_INFO.USER_NAME)',
  `LAST_UPDATE_DEPART_ID` varchar(100) DEFAULT NULL COMMENT '最后更新所属科室编号(SYS_DEPART_INFO.DEPART_ID)',
  `LAST_UPDATE_DEPART_NAME` varchar(100) DEFAULT NULL COMMENT '最后更新所属科室名称(SYS_DEPART_INFO.DEPART_NAME)',
  PRIMARY KEY (`DICTIONARY_ID`)
) ENGINE=InnoDB DEFAULT CHARSET=utf8;

/*Data for the table `sys_dictionary_info` */

insert  into `sys_dictionary_info`(`DICTIONARY_ID`,`DICTIONARY_NAME`,`DICTIONARY_DESC`,`DICTIONARY_TYPE_ID`,`REMARK`,`STATUS`,`CREATE_TIME`,`CREATE_USER_ID`,`CREATE_USER_NAME`,`CREATE_DEPART_ID`,`CREATE_DEPART_NAME`,`LAST_UPDATE_TIME`,`LAST_UPDATE_USER_ID`,`LAST_UPDATE_USER_NAME`,`LAST_UPDATE_DEPART_ID`,`LAST_UPDATE_DEPART_NAME`) values ('','','','',NULL,'Y','2017-02-24 17:56:45','','',NULL,NULL,NULL,NULL,NULL,NULL,NULL),('000010001','查询','查询','00001',NULL,'Y','2017-02-16 10:54:32','0000000001','系统管理员',NULL,NULL,NULL,NULL,NULL,NULL,NULL),('000010002','修改','修改','00001',NULL,'Y','2017-02-16 10:56:59','0000000001','系统管理员',NULL,NULL,NULL,NULL,NULL,NULL,NULL),('000010003','删除','修改','00001',NULL,'Y','2017-02-16 10:55:05','0000000001','系统管理员',NULL,NULL,NULL,NULL,NULL,NULL,NULL),('000010004','添加','添加','00001',NULL,'Y','2017-02-16 10:55:14','0000000001','系统管理员',NULL,NULL,NULL,NULL,NULL,NULL,NULL),('000010005','审核','审核','00001',NULL,'Y','2017-02-16 10:55:20','0000000001','系统管理员',NULL,NULL,NULL,NULL,NULL,NULL,NULL),('000010006','打印','打印','00001',NULL,'Y','2017-02-16 10:55:26','0000000001','系统管理员',NULL,NULL,NULL,NULL,NULL,NULL,NULL),('000010007','导出','导出','00001',NULL,'Y','2017-02-16 10:55:32','0000000001','系统管理员',NULL,NULL,NULL,NULL,NULL,NULL,NULL),('000010008','导入','导入','00001',NULL,'Y','2017-02-16 10:55:36','0000000001','系统管理员',NULL,NULL,NULL,NULL,NULL,NULL,NULL),('000010009','下载','下载','00001',NULL,'Y','2017-02-16 10:55:43','0000000001','系统管理员',NULL,NULL,NULL,NULL,NULL,NULL,NULL),('000010010','上传','上传','00001',NULL,'Y','2017-02-16 10:55:50','0000000001','系统管理员',NULL,NULL,NULL,NULL,NULL,NULL,NULL),('000020001','时间','时间','00002',NULL,'Y','2017-02-24 17:49:08','0000000001','系统管理员',NULL,NULL,NULL,NULL,NULL,NULL,NULL),('000020002','级别','级别','00002',NULL,'Y','2017-02-24 17:49:33','0000000001','系统管理员',NULL,NULL,NULL,NULL,NULL,NULL,NULL),('000020003','收入','收入','00002',NULL,'Y','2017-02-24 17:49:58','0000000001','系统管理员',NULL,NULL,NULL,NULL,NULL,NULL,NULL),('000030001','个人收入','个人收入','00003',NULL,'Y','2017-02-24 17:51:21','0000000001','系统管理员',NULL,NULL,NULL,NULL,NULL,NULL,NULL),('000030002','个人业绩','个人业绩','00003',NULL,'Y','2017-02-24 17:51:48','0000000001','系统管理员',NULL,NULL,NULL,NULL,NULL,NULL,NULL),('000030003','小组业绩','小组业绩','00003',NULL,'Y','2017-02-24 17:52:18','0000000001','系统管理员',NULL,NULL,NULL,NULL,NULL,NULL,NULL),('000030004','个人级别','个人级别','00003',NULL,'Y','2017-02-24 17:52:18','0000000001','系统管理员',NULL,NULL,NULL,NULL,NULL,NULL,NULL),('000040001','新建客户','新建客户','00004',NULL,'Y','2017-02-24 17:53:14','0000000001','系统管理员',NULL,NULL,NULL,NULL,NULL,NULL,NULL),('000040002','邀约客户','邀约客户','00004',NULL,'Y','2017-02-24 17:53:39','0000000001','系统管理员',NULL,NULL,NULL,NULL,NULL,NULL,NULL),('000040003','跟进客户','跟进客户','00004',NULL,'Y','2017-02-24 17:54:04','0000000001','系统管理员',NULL,NULL,NULL,NULL,NULL,NULL,NULL),('000040004','销售产品','销售产品','00004',NULL,'Y','2017-02-24 17:54:41','0000000001','系统管理员',NULL,NULL,NULL,NULL,NULL,NULL,NULL),('000040005','推荐合作','推荐合作','00004',NULL,'Y','2017-02-24 17:55:11','0000000001','系统管理员',NULL,NULL,NULL,NULL,NULL,NULL,NULL),('000040006','学习课程','学习课程','00004',NULL,'Y','2017-02-24 17:55:11','0000000001','系统管理员',NULL,NULL,NULL,NULL,NULL,NULL,NULL),('000040007','其他','其他','00004',NULL,'Y','2017-02-24 17:55:11','0000000001','系统管理员',NULL,NULL,NULL,NULL,NULL,NULL,NULL),('0000440008','tests反反复复32','','00004',NULL,'N','2017-05-23 13:17:21','0000000001','系统管理员',NULL,NULL,NULL,NULL,NULL,NULL,NULL),('000100001','北外滩','北外滩','00010','','Y','2017-04-01 16:00:01','0000000001','系统管理员',NULL,NULL,NULL,NULL,NULL,NULL,NULL),('000100002','江湾镇','江湾镇','00010','','Y','2017-04-01 16:00:01','0000000001','系统管理员',NULL,NULL,NULL,NULL,NULL,NULL,NULL),('000100003','凉城','凉城','00010','','Y','2017-04-01 16:00:01','0000000001','系统管理员',NULL,NULL,NULL,NULL,NULL,NULL,NULL),('000100004','临平路','临平路','00010','','Y','2017-04-01 16:00:01','0000000001','系统管理员',NULL,NULL,NULL,NULL,NULL,NULL,NULL),('000100005','鲁迅公园','鲁迅公园','00010','','Y','2017-04-01 16:00:01','0000000001','系统管理员',NULL,NULL,NULL,NULL,NULL,NULL,NULL),('000100006','曲阳','曲阳','00010','','Y','2017-04-01 16:00:01','0000000001','系统管理员',NULL,NULL,NULL,NULL,NULL,NULL,NULL),('000100007','四川北路','四川北路','00010','','Y','2017-04-01 16:00:01','0000000001','系统管理员',NULL,NULL,NULL,NULL,NULL,NULL,NULL),('000110001','鞍山','鞍山','00011','','Y','2017-04-01 16:00:01','0000000001','系统管理员',NULL,NULL,NULL,NULL,NULL,NULL,NULL),('000110002','东外滩','东外滩','00011','','Y','2017-04-01 16:00:01','0000000001','系统管理员',NULL,NULL,NULL,NULL,NULL,NULL,NULL),('000110003','黄兴公园','黄兴公园','00011','','Y','2017-04-01 16:00:01','0000000001','系统管理员',NULL,NULL,NULL,NULL,NULL,NULL,NULL),('000110004','控江路','控江路','00011','','Y','2017-04-01 16:00:01','0000000001','系统管理员',NULL,NULL,NULL,NULL,NULL,NULL,NULL),('000110005','五角场','五角场','00011','','Y','2017-04-01 16:00:01','0000000001','系统管理员',NULL,NULL,NULL,NULL,NULL,NULL,NULL),('000110006','新江湾城','新江湾城','00011','','Y','2017-04-01 16:00:01','0000000001','系统管理员',NULL,NULL,NULL,NULL,NULL,NULL,NULL),('000110007','周家嘴路','周家嘴路','00011','','Y','2017-04-01 16:00:01','0000000001','系统管理员',NULL,NULL,NULL,NULL,NULL,NULL,NULL),('000110008','中原','中原','00011','','Y','2017-04-01 16:00:01','0000000001','系统管理员',NULL,NULL,NULL,NULL,NULL,NULL,NULL),('000120001','春申','春申','00012','','Y','2017-04-01 16:00:01','0000000001','系统管理员',NULL,NULL,NULL,NULL,NULL,NULL,NULL),('000120002','古美','古美','00012','','Y','2017-04-01 16:00:01','0000000001','系统管理员',NULL,NULL,NULL,NULL,NULL,NULL,NULL),('000120003','华漕','华漕','00012','','Y','2017-04-01 16:00:01','0000000001','系统管理员',NULL,NULL,NULL,NULL,NULL,NULL,NULL),('000120004','航华','航华','00012','','Y','2017-04-01 16:00:01','0000000001','系统管理员',NULL,NULL,NULL,NULL,NULL,NULL,NULL),('000120005','静安新城','静安新城','00012','','Y','2017-04-01 16:00:01','0000000001','系统管理员',NULL,NULL,NULL,NULL,NULL,NULL,NULL),('000120006','金汇','金汇','00012','','Y','2017-04-01 16:00:01','0000000001','系统管理员',NULL,NULL,NULL,NULL,NULL,NULL,NULL),('000120007','金虹桥','金虹桥','00012','','Y','2017-04-01 16:00:01','0000000001','系统管理员',NULL,NULL,NULL,NULL,NULL,NULL,NULL),('000120008','龙柏','龙柏','00012','','Y','2017-04-01 16:00:01','0000000001','系统管理员',NULL,NULL,NULL,NULL,NULL,NULL,NULL),('000120009','老闵行','老闵行','00012','','Y','2017-04-01 16:00:01','0000000001','系统管理员',NULL,NULL,NULL,NULL,NULL,NULL,NULL),('000120010','梅陇','梅陇','00012','','Y','2017-04-01 16:00:01','0000000001','系统管理员',NULL,NULL,NULL,NULL,NULL,NULL,NULL),('000120011','马桥','马桥','00012','','Y','2017-04-01 16:00:01','0000000001','系统管理员',NULL,NULL,NULL,NULL,NULL,NULL,NULL),('000120012','浦江','浦江','00012','','Y','2017-04-01 16:00:01','0000000001','系统管理员',NULL,NULL,NULL,NULL,NULL,NULL,NULL),('000120013','七宝','七宝','00012','','Y','2017-04-01 16:00:01','0000000001','系统管理员',NULL,NULL,NULL,NULL,NULL,NULL,NULL),('000120014','吴泾','吴泾','00012','','Y','2017-04-01 16:00:01','0000000001','系统管理员',NULL,NULL,NULL,NULL,NULL,NULL,NULL),('000120015','莘庄','莘庄','00012','','Y','2017-04-01 16:00:01','0000000001','系统管理员',NULL,NULL,NULL,NULL,NULL,NULL,NULL),('000120016','颛桥','颛桥','00012','','Y','2017-04-01 16:00:01','0000000001','系统管理员',NULL,NULL,NULL,NULL,NULL,NULL,NULL),('000130001','大场镇','大场镇','00013','','Y','2017-04-01 16:00:01','0000000001','系统管理员',NULL,NULL,NULL,NULL,NULL,NULL,NULL),('000130002','大华','大华','00013','','Y','2017-04-01 16:00:01','0000000001','系统管理员',NULL,NULL,NULL,NULL,NULL,NULL,NULL),('000130003','顾村','顾村','00013','','Y','2017-04-01 16:00:01','0000000001','系统管理员',NULL,NULL,NULL,NULL,NULL,NULL,NULL),('000130004','共富','共富','00013','','Y','2017-04-01 16:00:01','0000000001','系统管理员',NULL,NULL,NULL,NULL,NULL,NULL,NULL),('000130005','高境','高境','00013','','Y','2017-04-01 16:00:01','0000000001','系统管理员',NULL,NULL,NULL,NULL,NULL,NULL,NULL),('000130006','共康','共康','00013','','Y','2017-04-01 16:00:01','0000000001','系统管理员',NULL,NULL,NULL,NULL,NULL,NULL,NULL),('000130007','罗店','罗店','00013','','Y','2017-04-01 16:00:01','0000000001','系统管理员',NULL,NULL,NULL,NULL,NULL,NULL,NULL),('000130008','罗泾','罗泾','00013','','Y','2017-04-01 16:00:01','0000000001','系统管理员',NULL,NULL,NULL,NULL,NULL,NULL,NULL),('000130009','淞宝','淞宝','00013','','Y','2017-04-01 16:00:01','0000000001','系统管理员',NULL,NULL,NULL,NULL,NULL,NULL,NULL),('000130010','上大','上大','00013','','Y','2017-04-01 16:00:01','0000000001','系统管理员',NULL,NULL,NULL,NULL,NULL,NULL,NULL),('000130011','淞南','淞南','00013','','Y','2017-04-01 16:00:01','0000000001','系统管理员',NULL,NULL,NULL,NULL,NULL,NULL,NULL),('000130012','通河','通河','00013','','Y','2017-04-01 16:00:01','0000000001','系统管理员',NULL,NULL,NULL,NULL,NULL,NULL,NULL),('000130013','杨行','杨行','00013','','Y','2017-04-01 16:00:01','0000000001','系统管理员',NULL,NULL,NULL,NULL,NULL,NULL,NULL),('000130014','月浦','月浦','00013','','Y','2017-04-01 16:00:01','0000000001','系统管理员',NULL,NULL,NULL,NULL,NULL,NULL,NULL),('000130015','张庙','张庙','00013','','Y','2017-04-01 16:00:01','0000000001','系统管理员',NULL,NULL,NULL,NULL,NULL,NULL,NULL),('000140001','安亭','安亭','00014','','Y','2017-04-01 16:00:01','0000000001','系统管理员',NULL,NULL,NULL,NULL,NULL,NULL,NULL),('000140002','丰庄','丰庄','00014','','Y','2017-04-01 16:00:01','0000000001','系统管理员',NULL,NULL,NULL,NULL,NULL,NULL,NULL),('000140003','华亭','华亭','00014','','Y','2017-04-01 16:00:01','0000000001','系统管理员',NULL,NULL,NULL,NULL,NULL,NULL,NULL),('000140004','嘉定老城','嘉定老城','00014','','Y','2017-04-01 16:00:01','0000000001','系统管理员',NULL,NULL,NULL,NULL,NULL,NULL,NULL),('000140005','嘉定新城','嘉定新城','00014','','Y','2017-04-01 16:00:01','0000000001','系统管理员',NULL,NULL,NULL,NULL,NULL,NULL,NULL),('000140006','江桥','江桥','00014','','Y','2017-04-01 16:00:01','0000000001','系统管理员',NULL,NULL,NULL,NULL,NULL,NULL,NULL),('000140007','菊园新区','菊园新区','00014','','Y','2017-04-01 16:00:01','0000000001','系统管理员',NULL,NULL,NULL,NULL,NULL,NULL,NULL),('000140008','马陆','马陆','00014','','Y','2017-04-01 16:00:01','0000000001','系统管理员',NULL,NULL,NULL,NULL,NULL,NULL,NULL),('000140009','南翔','南翔','00014','','Y','2017-04-01 16:00:01','0000000001','系统管理员',NULL,NULL,NULL,NULL,NULL,NULL,NULL),('000140010','外冈','外冈','00014','','Y','2017-04-01 16:00:01','0000000001','系统管理员',NULL,NULL,NULL,NULL,NULL,NULL,NULL),('000140011','新成路','新成路','00014','','Y','2017-04-01 16:00:01','0000000001','系统管理员',NULL,NULL,NULL,NULL,NULL,NULL,NULL),('000140012','徐行','徐行','00014','','Y','2017-04-01 16:00:01','0000000001','系统管理员',NULL,NULL,NULL,NULL,NULL,NULL,NULL),('000150001','北蔡','北蔡','00015','','Y','2017-04-01 16:00:01','0000000001','系统管理员',NULL,NULL,NULL,NULL,NULL,NULL,NULL),('000150002','碧云','碧云','00015','','Y','2017-04-01 16:00:01','0000000001','系统管理员',NULL,NULL,NULL,NULL,NULL,NULL,NULL),('000150003','曹路','曹路','00015','','Y','2017-04-01 16:00:01','0000000001','系统管理员',NULL,NULL,NULL,NULL,NULL,NULL,NULL),('000150004','川沙','川沙','00015','','Y','2017-04-01 16:00:01','0000000001','系统管理员',NULL,NULL,NULL,NULL,NULL,NULL,NULL),('000150005','大团镇','大团镇','00015','','Y','2017-04-01 16:00:01','0000000001','系统管理员',NULL,NULL,NULL,NULL,NULL,NULL,NULL),('000150006','高东','高东','00015','','Y','2017-04-01 16:00:01','0000000001','系统管理员',NULL,NULL,NULL,NULL,NULL,NULL,NULL),('000150007','高行','高行','00015','','Y','2017-04-01 16:00:01','0000000001','系统管理员',NULL,NULL,NULL,NULL,NULL,NULL,NULL),('000150008','花木','花木','00015','','Y','2017-04-01 16:00:01','0000000001','系统管理员',NULL,NULL,NULL,NULL,NULL,NULL,NULL),('000150009','惠南','惠南','00015','','Y','2017-04-01 16:00:01','0000000001','系统管理员',NULL,NULL,NULL,NULL,NULL,NULL,NULL),('000150010','合庆','合庆','00015','','Y','2017-04-01 16:00:01','0000000001','系统管理员',NULL,NULL,NULL,NULL,NULL,NULL,NULL),('000150011','航头','航头','00015','','Y','2017-04-01 16:00:01','0000000001','系统管理员',NULL,NULL,NULL,NULL,NULL,NULL,NULL),('000150012','金桥','金桥','00015','','Y','2017-04-01 16:00:01','0000000001','系统管理员',NULL,NULL,NULL,NULL,NULL,NULL,NULL),('000150013','金杨','金杨','00015','','Y','2017-04-01 16:00:01','0000000001','系统管理员',NULL,NULL,NULL,NULL,NULL,NULL,NULL),('000150014','康桥','康桥','00015','','Y','2017-04-01 16:00:01','0000000001','系统管理员',NULL,NULL,NULL,NULL,NULL,NULL,NULL),('000150015','临港新城','临港新城','00015','','Y','2017-04-01 16:00:01','0000000001','系统管理员',NULL,NULL,NULL,NULL,NULL,NULL,NULL),('000150016','老港镇','老港镇','00015','','Y','2017-04-01 16:00:01','0000000001','系统管理员',NULL,NULL,NULL,NULL,NULL,NULL,NULL),('000150017','陆家嘴','陆家嘴','00015','','Y','2017-04-01 16:00:01','0000000001','系统管理员',NULL,NULL,NULL,NULL,NULL,NULL,NULL),('000150018','联洋','联洋','00015','','Y','2017-04-01 16:00:01','0000000001','系统管理员',NULL,NULL,NULL,NULL,NULL,NULL,NULL),('000150019','泥城镇','泥城镇','00015','','Y','2017-04-01 16:00:01','0000000001','系统管理员',NULL,NULL,NULL,NULL,NULL,NULL,NULL),('000150020','南码头','南码头','00015','','Y','2017-04-01 16:00:01','0000000001','系统管理员',NULL,NULL,NULL,NULL,NULL,NULL,NULL),('000150021','世博','世博','00015','','Y','2017-04-01 16:00:01','0000000001','系统管理员',NULL,NULL,NULL,NULL,NULL,NULL,NULL),('000150022','三林','三林','00015','','Y','2017-04-01 16:00:01','0000000001','系统管理员',NULL,NULL,NULL,NULL,NULL,NULL,NULL),('000150023','书院镇','书院镇','00015','','Y','2017-04-01 16:00:01','0000000001','系统管理员',NULL,NULL,NULL,NULL,NULL,NULL,NULL),('000150024','塘桥','塘桥','00015','','Y','2017-04-01 16:00:01','0000000001','系统管理员',NULL,NULL,NULL,NULL,NULL,NULL,NULL),('000150025','唐镇','唐镇','00015','','Y','2017-04-01 16:00:01','0000000001','系统管理员',NULL,NULL,NULL,NULL,NULL,NULL,NULL),('000150026','潍坊','潍坊','00015','','Y','2017-04-01 16:00:01','0000000001','系统管理员',NULL,NULL,NULL,NULL,NULL,NULL,NULL),('000150027','外高桥','外高桥','00015','','Y','2017-04-01 16:00:01','0000000001','系统管理员',NULL,NULL,NULL,NULL,NULL,NULL,NULL),('000150028','万祥镇','万祥镇','00015','','Y','2017-04-01 16:00:01','0000000001','系统管理员',NULL,NULL,NULL,NULL,NULL,NULL,NULL),('000150029','新场','新场','00015','','Y','2017-04-01 16:00:01','0000000001','系统管理员',NULL,NULL,NULL,NULL,NULL,NULL,NULL),('000150030','宣桥','宣桥','00015','','Y','2017-04-01 16:00:01','0000000001','系统管理员',NULL,NULL,NULL,NULL,NULL,NULL,NULL),('000150031','杨东','杨东','00015','','Y','2017-04-01 16:00:01','0000000001','系统管理员',NULL,NULL,NULL,NULL,NULL,NULL,NULL),('000150032','洋泾','洋泾','00015','','Y','2017-04-01 16:00:01','0000000001','系统管理员',NULL,NULL,NULL,NULL,NULL,NULL,NULL),('000150033','御桥','御桥','00015','','Y','2017-04-01 16:00:01','0000000001','系统管理员',NULL,NULL,NULL,NULL,NULL,NULL,NULL),('000150034','源深','源深','00015','','Y','2017-04-01 16:00:01','0000000001','系统管理员',NULL,NULL,NULL,NULL,NULL,NULL,NULL),('000150035','张江','张江','00015','','Y','2017-04-01 16:00:01','0000000001','系统管理员',NULL,NULL,NULL,NULL,NULL,NULL,NULL),('000150036','周浦','周浦','00015','','Y','2017-04-01 16:00:01','0000000001','系统管理员',NULL,NULL,NULL,NULL,NULL,NULL,NULL),('000150037','祝桥','祝桥','00015','','Y','2017-04-01 16:00:01','0000000001','系统管理员',NULL,NULL,NULL,NULL,NULL,NULL,NULL),('000160001','漕泾','漕泾','00016','','Y','2017-04-01 16:00:01','0000000001','系统管理员',NULL,NULL,NULL,NULL,NULL,NULL,NULL),('000160002','枫泾','枫泾','00016','','Y','2017-04-01 16:00:01','0000000001','系统管理员',NULL,NULL,NULL,NULL,NULL,NULL,NULL),('000160003','金山','金山','00016','','Y','2017-04-01 16:00:01','0000000001','系统管理员',NULL,NULL,NULL,NULL,NULL,NULL,NULL),('000160004','廊下','廊下','00016','','Y','2017-04-01 16:00:01','0000000001','系统管理员',NULL,NULL,NULL,NULL,NULL,NULL,NULL),('000160005','吕巷','吕巷','00016','','Y','2017-04-01 16:00:01','0000000001','系统管理员',NULL,NULL,NULL,NULL,NULL,NULL,NULL),('000160006','石化','石化','00016','','Y','2017-04-01 16:00:01','0000000001','系统管理员',NULL,NULL,NULL,NULL,NULL,NULL,NULL),('000160007','山阳','山阳','00016','','Y','2017-04-01 16:00:01','0000000001','系统管理员',NULL,NULL,NULL,NULL,NULL,NULL,NULL),('000160008','亭林','亭林','00016','','Y','2017-04-01 16:00:01','0000000001','系统管理员',NULL,NULL,NULL,NULL,NULL,NULL,NULL),('000160009','朱泾','朱泾','00016','','Y','2017-04-01 16:00:01','0000000001','系统管理员',NULL,NULL,NULL,NULL,NULL,NULL,NULL),('000160010','张堰','张堰','00016','','Y','2017-04-01 16:00:01','0000000001','系统管理员',NULL,NULL,NULL,NULL,NULL,NULL,NULL),('000170001','车墩','车墩','00017','','Y','2017-04-01 16:00:01','0000000001','系统管理员',NULL,NULL,NULL,NULL,NULL,NULL,NULL),('000170002','九亭','九亭','00017','','Y','2017-04-01 16:00:01','0000000001','系统管理员',NULL,NULL,NULL,NULL,NULL,NULL,NULL),('000170003','泖港','泖港','00017','','Y','2017-04-01 16:00:01','0000000001','系统管理员',NULL,NULL,NULL,NULL,NULL,NULL,NULL),('000170004','石湖荡','石湖荡','00017','','Y','2017-04-01 16:00:01','0000000001','系统管理员',NULL,NULL,NULL,NULL,NULL,NULL,NULL),('000170005','泗泾','泗泾','00017','','Y','2017-04-01 16:00:01','0000000001','系统管理员',NULL,NULL,NULL,NULL,NULL,NULL,NULL),('000170006','松江大学城','松江大学城','00017','','Y','2017-04-01 16:00:01','0000000001','系统管理员',NULL,NULL,NULL,NULL,NULL,NULL,NULL),('000170007','松江老城','松江老城','00017','','Y','2017-04-01 16:00:01','0000000001','系统管理员',NULL,NULL,NULL,NULL,NULL,NULL,NULL),('000170008','松江新城','松江新城','00017','','Y','2017-04-01 16:00:01','0000000001','系统管理员',NULL,NULL,NULL,NULL,NULL,NULL,NULL),('000170009','佘山','佘山','00017','','Y','2017-04-01 16:00:01','0000000001','系统管理员',NULL,NULL,NULL,NULL,NULL,NULL,NULL),('000170010','新浜','新浜','00017','','Y','2017-04-01 16:00:01','0000000001','系统管理员',NULL,NULL,NULL,NULL,NULL,NULL,NULL),('000170011','小昆山','小昆山','00017','','Y','2017-04-01 16:00:01','0000000001','系统管理员',NULL,NULL,NULL,NULL,NULL,NULL,NULL),('000170012','莘闵别墅','莘闵别墅','00017','','Y','2017-04-01 16:00:01','0000000001','系统管理员',NULL,NULL,NULL,NULL,NULL,NULL,NULL),('000170013','新桥','新桥','00017','','Y','2017-04-01 16:00:01','0000000001','系统管理员',NULL,NULL,NULL,NULL,NULL,NULL,NULL),('000170014','叶榭','叶榭','00017','','Y','2017-04-01 16:00:01','0000000001','系统管理员',NULL,NULL,NULL,NULL,NULL,NULL,NULL),('000180001','白鹤','白鹤','00018','','Y','2017-04-01 16:00:01','0000000001','系统管理员',NULL,NULL,NULL,NULL,NULL,NULL,NULL),('000180002','重固','重固','00018','','Y','2017-04-01 16:00:01','0000000001','系统管理员',NULL,NULL,NULL,NULL,NULL,NULL,NULL),('000180003','华新','华新','00018','','Y','2017-04-01 16:00:01','0000000001','系统管理员',NULL,NULL,NULL,NULL,NULL,NULL,NULL),('000180004','金泽','金泽','00018','','Y','2017-04-01 16:00:01','0000000001','系统管理员',NULL,NULL,NULL,NULL,NULL,NULL,NULL),('000180005','练塘','练塘','00018','','Y','2017-04-01 16:00:01','0000000001','系统管理员',NULL,NULL,NULL,NULL,NULL,NULL,NULL),('000180006','香花桥','香花桥','00018','','Y','2017-04-01 16:00:01','0000000001','系统管理员',NULL,NULL,NULL,NULL,NULL,NULL,NULL),('000180007','徐泾','徐泾','00018','','Y','2017-04-01 16:00:01','0000000001','系统管理员',NULL,NULL,NULL,NULL,NULL,NULL,NULL),('000180008','夏阳','夏阳','00018','','Y','2017-04-01 16:00:01','0000000001','系统管理员',NULL,NULL,NULL,NULL,NULL,NULL,NULL),('000180009','盈浦','盈浦','00018','','Y','2017-04-01 16:00:01','0000000001','系统管理员',NULL,NULL,NULL,NULL,NULL,NULL,NULL),('000180010','朱家角','朱家角','00018','','Y','2017-04-01 16:00:01','0000000001','系统管理员',NULL,NULL,NULL,NULL,NULL,NULL,NULL),('000180011','赵巷','赵巷','00018','','Y','2017-04-01 16:00:01','0000000001','系统管理员',NULL,NULL,NULL,NULL,NULL,NULL,NULL),('000190001','奉城','奉城','00019','','Y','2017-04-01 16:00:01','0000000001','系统管理员',NULL,NULL,NULL,NULL,NULL,NULL,NULL),('000190002','奉贤金汇','奉贤金汇','00019','','Y','2017-04-01 16:00:01','0000000001','系统管理员',NULL,NULL,NULL,NULL,NULL,NULL,NULL),('000190003','海湾','海湾','00019','','Y','2017-04-01 16:00:01','0000000001','系统管理员',NULL,NULL,NULL,NULL,NULL,NULL,NULL),('000190004','南桥','南桥','00019','','Y','2017-04-01 16:00:01','0000000001','系统管理员',NULL,NULL,NULL,NULL,NULL,NULL,NULL),('000190005','青村','青村','00019','','Y','2017-04-01 16:00:01','0000000001','系统管理员',NULL,NULL,NULL,NULL,NULL,NULL,NULL),('000190006','四团','四团','00019','','Y','2017-04-01 16:00:01','0000000001','系统管理员',NULL,NULL,NULL,NULL,NULL,NULL,NULL),('000190007','西渡','西渡','00019','','Y','2017-04-01 16:00:01','0000000001','系统管理员',NULL,NULL,NULL,NULL,NULL,NULL,NULL),('000190008','庄行','庄行','00019','','Y','2017-04-01 16:00:01','0000000001','系统管理员',NULL,NULL,NULL,NULL,NULL,NULL,NULL),('000190009','柘林','柘林','00019','','Y','2017-04-01 16:00:01','0000000001','系统管理员',NULL,NULL,NULL,NULL,NULL,NULL,NULL),('000200001','堡镇','堡镇','00020','','Y','2017-04-01 16:00:01','0000000001','系统管理员',NULL,NULL,NULL,NULL,NULL,NULL,NULL),('000200002','陈家镇','陈家镇','00020','','Y','2017-04-01 16:00:01','0000000001','系统管理员',NULL,NULL,NULL,NULL,NULL,NULL,NULL),('000200003','崇明其它','崇明其它','00020','','Y','2017-04-01 16:00:01','0000000001','系统管理员',NULL,NULL,NULL,NULL,NULL,NULL,NULL),('000200004','崇明新城','崇明新城','00020','','Y','2017-04-01 16:00:01','0000000001','系统管理员',NULL,NULL,NULL,NULL,NULL,NULL,NULL),('000200005','长兴岛','长兴岛','00020','','Y','2017-04-01 16:00:01','0000000001','系统管理员',NULL,NULL,NULL,NULL,NULL,NULL,NULL),('000200006','横沙岛','横沙岛','00020','','Y','2017-04-01 16:00:01','0000000001','系统管理员',NULL,NULL,NULL,NULL,NULL,NULL,NULL),('000210001','董家渡','董家渡','00021','','Y','2017-04-01 16:00:01','0000000001','系统管理员',NULL,NULL,NULL,NULL,NULL,NULL,NULL),('000210002','打浦桥','打浦桥','00021','','Y','2017-04-01 16:00:01','0000000001','系统管理员',NULL,NULL,NULL,NULL,NULL,NULL,NULL),('000210003','淮海中路','淮海中路','00021','','Y','2017-04-01 16:00:01','0000000001','系统管理员',NULL,NULL,NULL,NULL,NULL,NULL,NULL),('000210004','黄浦滨江','黄浦滨江','00021','','Y','2017-04-01 16:00:01','0000000001','系统管理员',NULL,NULL,NULL,NULL,NULL,NULL,NULL),('000210005','老西门','老西门','00021','','Y','2017-04-01 16:00:01','0000000001','系统管理员',NULL,NULL,NULL,NULL,NULL,NULL,NULL),('000210006','南京东路','南京东路','00021','','Y','2017-04-01 16:00:01','0000000001','系统管理员',NULL,NULL,NULL,NULL,NULL,NULL,NULL),('000210007','蓬莱公园','蓬莱公园','00021','','Y','2017-04-01 16:00:01','0000000001','系统管理员',NULL,NULL,NULL,NULL,NULL,NULL,NULL),('000210008','人民广场','人民广场','00021','','Y','2017-04-01 16:00:01','0000000001','系统管理员',NULL,NULL,NULL,NULL,NULL,NULL,NULL),('000210009','世博滨江','世博滨江','00021','','Y','2017-04-01 16:00:01','0000000001','系统管理员',NULL,NULL,NULL,NULL,NULL,NULL,NULL),('000210010','五里桥','五里桥','00021','','Y','2017-04-01 16:00:01','0000000001','系统管理员',NULL,NULL,NULL,NULL,NULL,NULL,NULL),('000210011','新天地','新天地','00021','','Y','2017-04-01 16:00:01','0000000001','系统管理员',NULL,NULL,NULL,NULL,NULL,NULL,NULL),('000210012','豫园','豫园','00021','','Y','2017-04-01 16:00:01','0000000001','系统管理员',NULL,NULL,NULL,NULL,NULL,NULL,NULL),('000220001','漕河泾','漕河泾','00022','','Y','2017-04-01 16:00:01','0000000001','系统管理员',NULL,NULL,NULL,NULL,NULL,NULL,NULL),('000220002','长桥','长桥','00022','','Y','2017-04-01 16:00:01','0000000001','系统管理员',NULL,NULL,NULL,NULL,NULL,NULL,NULL),('000220003','华东理工','华东理工','00022','','Y','2017-04-01 16:00:01','0000000001','系统管理员',NULL,NULL,NULL,NULL,NULL,NULL,NULL),('000220004','华泾','华泾','00022','','Y','2017-04-01 16:00:01','0000000001','系统管理员',NULL,NULL,NULL,NULL,NULL,NULL,NULL),('000220005','衡山路','衡山路','00022','','Y','2017-04-01 16:00:01','0000000001','系统管理员',NULL,NULL,NULL,NULL,NULL,NULL,NULL),('000220006','建国西路','建国西路','00022','','Y','2017-04-01 16:00:01','0000000001','系统管理员',NULL,NULL,NULL,NULL,NULL,NULL,NULL),('000220007','康健','康健','00022','','Y','2017-04-01 16:00:01','0000000001','系统管理员',NULL,NULL,NULL,NULL,NULL,NULL,NULL),('000220008','龙华','龙华','00022','','Y','2017-04-01 16:00:01','0000000001','系统管理员',NULL,NULL,NULL,NULL,NULL,NULL,NULL),('000220009','上海南站','上海南站','00022','','Y','2017-04-01 16:00:01','0000000001','系统管理员',NULL,NULL,NULL,NULL,NULL,NULL,NULL),('000220010','田林','田林','00022','','Y','2017-04-01 16:00:01','0000000001','系统管理员',NULL,NULL,NULL,NULL,NULL,NULL,NULL),('000220011','万体馆','万体馆','00022','','Y','2017-04-01 16:00:01','0000000001','系统管理员',NULL,NULL,NULL,NULL,NULL,NULL,NULL),('000220012','徐汇滨江','徐汇滨江','00022','','Y','2017-04-01 16:00:01','0000000001','系统管理员',NULL,NULL,NULL,NULL,NULL,NULL,NULL),('000220013','徐家汇','徐家汇','00022','','Y','2017-04-01 16:00:01','0000000001','系统管理员',NULL,NULL,NULL,NULL,NULL,NULL,NULL),('000220014','斜土路','斜土路','00022','','Y','2017-04-01 16:00:01','0000000001','系统管理员',NULL,NULL,NULL,NULL,NULL,NULL,NULL),('000220015','植物园','植物园','00022','','Y','2017-04-01 16:00:01','0000000001','系统管理员',NULL,NULL,NULL,NULL,NULL,NULL,NULL),('000230001','北新泾','北新泾','00023','','Y','2017-04-01 16:00:01','0000000001','系统管理员',NULL,NULL,NULL,NULL,NULL,NULL,NULL),('000230002','古北','古北','00023','','Y','2017-04-01 16:00:01','0000000001','系统管理员',NULL,NULL,NULL,NULL,NULL,NULL,NULL),('000230003','虹桥','虹桥','00023','','Y','2017-04-01 16:00:01','0000000001','系统管理员',NULL,NULL,NULL,NULL,NULL,NULL,NULL),('000230004','天山','天山','00023','','Y','2017-04-01 16:00:01','0000000001','系统管理员',NULL,NULL,NULL,NULL,NULL,NULL,NULL),('000230005','新华路','新华路','00023','','Y','2017-04-01 16:00:01','0000000001','系统管理员',NULL,NULL,NULL,NULL,NULL,NULL,NULL),('000230006','西郊','西郊','00023','','Y','2017-04-01 16:00:01','0000000001','系统管理员',NULL,NULL,NULL,NULL,NULL,NULL,NULL),('000230007','仙霞','仙霞','00023','','Y','2017-04-01 16:00:01','0000000001','系统管理员',NULL,NULL,NULL,NULL,NULL,NULL,NULL),('000230008','镇宁路','镇宁路','00023','','Y','2017-04-01 16:00:01','0000000001','系统管理员',NULL,NULL,NULL,NULL,NULL,NULL,NULL),('000230009','中山公园','中山公园','00023','','Y','2017-04-01 16:00:01','0000000001','系统管理员',NULL,NULL,NULL,NULL,NULL,NULL,NULL),('000240001','曹家渡','曹家渡','00024','','Y','2017-04-01 16:00:01','0000000001','系统管理员',NULL,NULL,NULL,NULL,NULL,NULL,NULL),('000240002','静安寺','静安寺','00024','','Y','2017-04-01 16:00:01','0000000001','系统管理员',NULL,NULL,NULL,NULL,NULL,NULL,NULL),('000240003','江宁路','江宁路','00024','','Y','2017-04-01 16:00:01','0000000001','系统管理员',NULL,NULL,NULL,NULL,NULL,NULL,NULL),('000240004','南京西路','南京西路','00024','','Y','2017-04-01 16:00:01','0000000001','系统管理员',NULL,NULL,NULL,NULL,NULL,NULL,NULL),('000250001','长风','长风','00025','','Y','2017-04-01 16:00:01','0000000001','系统管理员',NULL,NULL,NULL,NULL,NULL,NULL,NULL),('000250002','长寿路','长寿路','00025','','Y','2017-04-01 16:00:01','0000000001','系统管理员',NULL,NULL,NULL,NULL,NULL,NULL,NULL),('000250003','曹杨','曹杨','00025','','Y','2017-04-01 16:00:01','0000000001','系统管理员',NULL,NULL,NULL,NULL,NULL,NULL,NULL),('000250004','长征','长征','00025','','Y','2017-04-01 16:00:01','0000000001','系统管理员',NULL,NULL,NULL,NULL,NULL,NULL,NULL),('000250005','甘泉宜川','甘泉宜川','00025','','Y','2017-04-01 16:00:01','0000000001','系统管理员',NULL,NULL,NULL,NULL,NULL,NULL,NULL),('000250006','光新','光新','00025','','Y','2017-04-01 16:00:01','0000000001','系统管理员',NULL,NULL,NULL,NULL,NULL,NULL,NULL),('000250007','桃浦','桃浦','00025','','Y','2017-04-01 16:00:01','0000000001','系统管理员',NULL,NULL,NULL,NULL,NULL,NULL,NULL),('000250008','万里','万里','00025','','Y','2017-04-01 16:00:01','0000000001','系统管理员',NULL,NULL,NULL,NULL,NULL,NULL,NULL),('000250009','武宁','武宁','00025','','Y','2017-04-01 16:00:01','0000000001','系统管理员',NULL,NULL,NULL,NULL,NULL,NULL,NULL),('000250010','真光','真光','00025','','Y','2017-04-01 16:00:01','0000000001','系统管理员',NULL,NULL,NULL,NULL,NULL,NULL,NULL),('000250011','真如','真如','00025','','Y','2017-04-01 16:00:01','0000000001','系统管理员',NULL,NULL,NULL,NULL,NULL,NULL,NULL),('000250012','中远两湾城','中远两湾城','00025','','Y','2017-04-01 16:00:01','0000000001','系统管理员',NULL,NULL,NULL,NULL,NULL,NULL,NULL),('000260001','不夜城','不夜城','00026','','Y','2017-04-01 16:00:01','0000000001','系统管理员',NULL,NULL,NULL,NULL,NULL,NULL,NULL),('000260002','大宁','大宁','00026','','Y','2017-04-01 16:00:01','0000000001','系统管理员',NULL,NULL,NULL,NULL,NULL,NULL,NULL),('000260003','彭浦','彭浦','00026','','Y','2017-04-01 16:00:01','0000000001','系统管理员',NULL,NULL,NULL,NULL,NULL,NULL,NULL),('000260004','西藏北路','西藏北路','00026','','Y','2017-04-01 16:00:01','0000000001','系统管理员',NULL,NULL,NULL,NULL,NULL,NULL,NULL),('000260005','阳城','阳城','00026','','Y','2017-04-01 16:00:01','0000000001','系统管理员',NULL,NULL,NULL,NULL,NULL,NULL,NULL),('000260006','永和','永和','00026','','Y','2017-04-01 16:00:01','0000000001','系统管理员',NULL,NULL,NULL,NULL,NULL,NULL,NULL),('000260007','闸北公园','闸北公园','00026','','Y','2017-04-01 16:00:01','0000000001','系统管理员',NULL,NULL,NULL,NULL,NULL,NULL,NULL);

/*Table structure for table `sys_dictionary_type_info` */

DROP TABLE IF EXISTS `sys_dictionary_type_info`;

CREATE TABLE `sys_dictionary_type_info` (
  `DICTIONARY_TYPE_ID` varchar(10) NOT NULL COMMENT '字典主键',
  `DICTIONARY_TYPE_NAME` varchar(10) NOT NULL COMMENT '字典名称',
  `DICTIONARY_TYPE_DESC` varchar(100) NOT NULL COMMENT '字典内容描述',
  `REMARK` varchar(100) DEFAULT NULL COMMENT '备注',
  `STATUS` varchar(100) DEFAULT 'Y' COMMENT '状态（Y正常,N禁用）',
  `CREATE_TIME` timestamp NULL DEFAULT CURRENT_TIMESTAMP COMMENT '创建时间',
  `CREATE_USER_ID` varchar(100) NOT NULL COMMENT '创建人编号(SYS_USER_INFO.USER_ID)',
  `CREATE_USER_NAME` varchar(100) NOT NULL COMMENT '创建人姓名(SYS_USER_INFO.USER_NAME)',
  `CREATE_DEPART_ID` varchar(100) DEFAULT NULL COMMENT '创建人所属科室编号(SYS_DEPART_INFO.DEPART_ID)',
  `CREATE_DEPART_NAME` varchar(100) DEFAULT NULL COMMENT '创建人所属科室名称(SYS_DEPART_INFO.DEPART_NAME)',
  `LAST_UPDATE_TIME` datetime DEFAULT NULL COMMENT '最后更新时间',
  `LAST_UPDATE_USER_ID` varchar(100) DEFAULT NULL COMMENT '最后更新人编号(SYS_USER_INFO.USER_ID)',
  `LAST_UPDATE_USER_NAME` varchar(100) DEFAULT NULL COMMENT '最后更新人姓名(SYS_USER_INFO.USER_NAME)',
  `LAST_UPDATE_DEPART_ID` varchar(100) DEFAULT NULL COMMENT '最后更新所属科室编号(SYS_DEPART_INFO.DEPART_ID)',
  `LAST_UPDATE_DEPART_NAME` varchar(100) DEFAULT NULL COMMENT '最后更新所属科室名称(SYS_DEPART_INFO.DEPART_NAME)',
  PRIMARY KEY (`DICTIONARY_TYPE_ID`)
) ENGINE=InnoDB DEFAULT CHARSET=utf8;

/*Data for the table `sys_dictionary_type_info` */

/*Table structure for table `sys_flow_task` */

DROP TABLE IF EXISTS `sys_flow_task`;

CREATE TABLE `sys_flow_task` (
  `SOURCE_ID` varchar(10) NOT NULL,
  `STEP_ORDER` int(11) DEFAULT NULL,
  `STEP` varchar(100) DEFAULT NULL,
  `IS_DISPOSED` varchar(100) DEFAULT NULL,
  `STEP_DESC` varchar(100) DEFAULT NULL,
  `FUNCTION_ID` varchar(100) DEFAULT NULL,
  `FLOW_OPERATE_FUNCTION_ID` varchar(100) DEFAULT NULL,
  `FLOW_UNION_FILED` varchar(100) DEFAULT NULL,
  `CREATE_TIME` timestamp NULL DEFAULT CURRENT_TIMESTAMP,
  `FLOW_BATCH_NO` varchar(100) DEFAULT NULL,
  PRIMARY KEY (`SOURCE_ID`)
) ENGINE=InnoDB DEFAULT CHARSET=utf8;

/*Data for the table `sys_flow_task` */

/*Table structure for table `sys_flow_tasked` */

DROP TABLE IF EXISTS `sys_flow_tasked`;

CREATE TABLE `sys_flow_tasked` (
  `SOURCE_ID` varchar(10) NOT NULL,
  `STEP_ORDER` int(11) DEFAULT NULL,
  `STEP` varchar(100) DEFAULT NULL,
  `IS_DISPOSED` varchar(100) DEFAULT NULL,
  `STEP_DESC` varchar(100) DEFAULT NULL,
  `FUNCTION_ID` varchar(100) DEFAULT NULL,
  `FLOW_OPERATE_FUNCTION_ID` varchar(100) DEFAULT NULL,
  `FLOW_UNION_FILED` varchar(100) DEFAULT NULL,
  `CREATE_TIME` timestamp NULL DEFAULT CURRENT_TIMESTAMP,
  `FLOW_BATCH_NO` varchar(100) DEFAULT NULL,
  PRIMARY KEY (`SOURCE_ID`)
) ENGINE=InnoDB DEFAULT CHARSET=utf8;

/*Data for the table `sys_flow_tasked` */

/*Table structure for table `sys_function_info` */

DROP TABLE IF EXISTS `sys_function_info`;

CREATE TABLE `sys_function_info` (
  `FUNCTION_ID` varchar(100) NOT NULL COMMENT '主键',
  `FUNCTION_NAME` varchar(10) NOT NULL COMMENT '菜单名称',
  `FUNCTION_DESC` varchar(100) DEFAULT NULL COMMENT '菜单描述',
  `PARENT_FUNCTION_ID` varchar(10) NOT NULL COMMENT '父菜单编号',
  `FUNCTION_URL` varchar(1000) NOT NULL COMMENT '菜单链接地址',
  `FUNCTION_SEQUE` varchar(100) NOT NULL COMMENT '菜单顺序',
  `IS_VIRTUAL` varchar(10) NOT NULL COMMENT '是否虚节点（0：虚节点，1：实节点）',
  `FUNCTION_TYPE` varchar(10) NOT NULL COMMENT '菜单类型（1、功能；2、操作按钮）',
  `REMARK` varchar(100) DEFAULT NULL COMMENT '备注',
  `STATUS` varchar(100) DEFAULT 'Y' COMMENT '状态（Y正常,N禁用）',
  `CREATE_TIME` timestamp NULL DEFAULT CURRENT_TIMESTAMP COMMENT '创建时间',
  `CREATE_USER_ID` varchar(100) NOT NULL COMMENT '创建人编号(SYS_USER_INFO.USER_ID)',
  `CREATE_USER_NAME` varchar(100) NOT NULL COMMENT '创建人姓名(SYS_USER_INFO.USER_NAME)',
  `CREATE_DEPART_ID` varchar(100) DEFAULT NULL COMMENT '创建人所属科室编号(SYS_DEPART_INFO.DEPART_ID)',
  `CREATE_DEPART_NAME` varchar(100) DEFAULT NULL COMMENT '创建人所属科室名称(SYS_DEPART_INFO.DEPART_NAME)',
  `LAST_UPDATE_TIME` datetime DEFAULT NULL COMMENT '最后更新时间',
  `LAST_UPDATE_USER_ID` varchar(100) DEFAULT NULL COMMENT '最后更新人编号(SYS_USER_INFO.USER_ID)',
  `LAST_UPDATE_USER_NAME` varchar(100) DEFAULT NULL COMMENT '最后更新人姓名(SYS_USER_INFO.USER_NAME)',
  `LAST_UPDATE_DEPART_ID` varchar(100) DEFAULT NULL COMMENT '最后更新所属科室编号(SYS_DEPART_INFO.DEPART_ID)',
  `LAST_UPDATE_DEPART_NAME` varchar(100) DEFAULT NULL COMMENT '最后更新所属科室名称(SYS_DEPART_INFO.DEPART_NAME)',
  `DICTIONARY_ID` varchar(100) DEFAULT NULL COMMENT '字典内容主键(SYS_DICTIONARY_INFO.DICTIONARY_ID)',
  `DICTIONARY_NAME` varchar(100) DEFAULT NULL COMMENT '字典内容名称(SYS_DICTIONARY_INFO.DICTIONARY_NAME)',
  `TYPE_ID` varchar(1) DEFAULT NULL COMMENT '功能分类（1、系统管理，2系统业务功能）',
  `function_icon` varchar(100) DEFAULT NULL,
  `IS_OPEN` varchar(10) DEFAULT NULL,
  PRIMARY KEY (`FUNCTION_ID`)
) ENGINE=InnoDB DEFAULT CHARSET=utf8;

/*Data for the table `sys_function_info` */

insert  into `sys_function_info`(`FUNCTION_ID`,`FUNCTION_NAME`,`FUNCTION_DESC`,`PARENT_FUNCTION_ID`,`FUNCTION_URL`,`FUNCTION_SEQUE`,`IS_VIRTUAL`,`FUNCTION_TYPE`,`REMARK`,`STATUS`,`CREATE_TIME`,`CREATE_USER_ID`,`CREATE_USER_NAME`,`CREATE_DEPART_ID`,`CREATE_DEPART_NAME`,`LAST_UPDATE_TIME`,`LAST_UPDATE_USER_ID`,`LAST_UPDATE_USER_NAME`,`LAST_UPDATE_DEPART_ID`,`LAST_UPDATE_DEPART_NAME`,`DICTIONARY_ID`,`DICTIONARY_NAME`,`TYPE_ID`,`function_icon`,`IS_OPEN`) values ('020','外协采购管理','外协采购管理','-1','OutSourceManage','10','0','1',NULL,'Y','2017-09-19 14:45:29','-1','系统初始化','-1','系统初始化',NULL,NULL,NULL,NULL,NULL,NULL,NULL,NULL,NULL,NULL),('020001','系统管理','系统管理','020','sysManage','020','0','1',NULL,'Y','2017-09-19 14:45:29','-1','系统初始化','-1','系统初始化',NULL,NULL,NULL,NULL,NULL,NULL,NULL,'1','&#x1002',NULL),('020001001','组织架构','组织架构','020001','sysManage/sysUnitInfo/index.html','020001','1','1',NULL,'Y','2017-09-19 14:45:29','-1','系统初始化','-1','系统初始化',NULL,NULL,NULL,NULL,NULL,NULL,NULL,'1',NULL,NULL),('020001001001','查询','组织架构','020001001','sysManage/sysUnitInfo/index.html','020001001','0','2',NULL,'Y','2017-09-19 14:45:29','-1','系统初始化','-1','系统初始化',NULL,NULL,NULL,NULL,NULL,'000010001','查询','1',NULL,NULL),('020001002','用户管理','用户管理','020001','sysManage/sysUserInfo/index.html?functionId=001001002','020001','1','1',NULL,'Y','2017-09-19 14:45:29','-1','系统初始化','-1','系统初始化',NULL,NULL,NULL,NULL,NULL,NULL,NULL,'1',NULL,NULL),('020001002001','查询','用户管理','020001002','sysManage/sysUserInfo/index.html','020001002','0','2',NULL,'Y','2017-09-19 14:45:29','-1','系统初始化','-1','系统初始化',NULL,NULL,NULL,NULL,NULL,'000010001','查询','1',NULL,NULL),('020001003','功能菜单','功能菜单','020001','sysManage/sysFunctionInfo/index.html','020001','1','1',NULL,'Y','2017-09-19 14:45:29','-1','系统初始化','-1','系统初始化',NULL,NULL,NULL,NULL,NULL,NULL,NULL,'1',NULL,NULL),('020001003001','查询','功能菜单','020001003','sysManage/approven/index.html','020001003','0','2',NULL,'Y','2017-09-19 14:45:29','-1','系统初始化','-1','系统初始化',NULL,NULL,NULL,NULL,NULL,'000010001','查询','1',NULL,NULL),('020001006','权限管理','管理前台权限','020001','sysManage/sysPower/index.html','020001','1','1',NULL,'Y','2017-09-19 14:45:29','-1','系统初始化','-1','系统初始化','2017-11-23 10:15:49','0000000001','系统管理员','','',NULL,NULL,'1','',NULL),('020001006001','查询','数据字典','020001006','1','020001006','0','2',NULL,'Y','2017-09-19 14:45:29','-1','系统初始化','-1','系统初始化',NULL,NULL,NULL,NULL,NULL,'000010001','查询','1','&#x1002',NULL),('020001006002','删除','数据字典','020001006','1','020001006','0','2',NULL,'Y','2017-09-19 14:45:29','-1','系统初始化','-1','系统初始化',NULL,NULL,NULL,NULL,NULL,'000010003','删除','1','&#x1002',NULL),('020001006003','下载','数据字典','020001006','1','020001006','0','2',NULL,'Y','2017-09-19 14:45:29','-1','系统初始化','-1','系统初始化',NULL,NULL,NULL,NULL,NULL,'000010009','下载','1','&#x1002',NULL),('020001007','系统日志','系统日志','020001','sysManage/sysLogInfo/index.html','020001','1','1',NULL,'Y','2017-09-19 14:45:29','-1','系统初始化','-1','系统初始化',NULL,NULL,NULL,NULL,NULL,NULL,NULL,'1',NULL,NULL),('020002','基础信息管理','系统管理','020','basicManage','1','0','1',NULL,'Y','2017-09-21 08:06:19','0000000001','系统管理员','','','2017-09-21 08:06:58','0000000001','系统管理员','','','','','1','&#x1002',NULL),('020002001','客户管理','客户管理','020002','basicManage/customerInfo/index.html','1','0','1',NULL,'Y','2017-09-21 08:07:45','0000000001','系统管理员','','',NULL,NULL,NULL,NULL,NULL,'','','1','',NULL),('020002002','供应商管理','','020002','basicManage/supplierInfo/index.html','1','0','1',NULL,'Y','2017-09-21 09:25:24','0000000001','系统管理员','','',NULL,NULL,NULL,NULL,NULL,'','','1','',NULL),('020002003','产品材质管理','产品材质管理','020002','basicManage/productGradeInfo/index.html','1','0','1',NULL,'Y','2017-09-21 09:25:31','0000000001','系统管理员','','','2017-09-21 09:26:34','0000000001','系统管理员','','','','','1','',NULL),('020002004','产品类别管理','产品类别管理','020002','basicManage/productTypeInfo/index.html','1','0','1',NULL,'Y','2017-09-21 17:16:29','0000000001','系统管理员','','',NULL,NULL,NULL,NULL,NULL,'','','1','',NULL),('020002005','提成设置','提成设置','020002','basicManage/pushSetInfo/index.html','1','0','1',NULL,'Y','2017-09-22 17:00:03','0000000001','系统管理员','','',NULL,NULL,NULL,NULL,NULL,'','','1','',NULL),('020002006','产品管理','产品管理','020002','basicManage/productInfo/index.html','1','0','1',NULL,'Y','2017-09-22 20:12:00','0000000001','系统管理员','','',NULL,NULL,NULL,NULL,NULL,'','','1','',NULL),('020003','订单管理','订单操作','020','orderInfo','1','0','1',NULL,'Y','2017-09-25 10:28:16','0000000001','系统管理员','','','2017-10-25 11:00:05','0000000001','系统管理员','','','','','1','&#x1002',NULL),('020003001','添加订单','添加订单','020003','orderInfo/orderAdd.html','1','0','1',NULL,'Y','2017-10-25 10:56:15','0000000001','系统管理员','','',NULL,NULL,NULL,NULL,NULL,'','','1','',NULL),('020003002','订单列表','订单列表','020003','orderInfo/order.html','1','0','1',NULL,'Y','2017-10-25 18:00:25','0000000001','系统管理员','','',NULL,NULL,NULL,NULL,NULL,'','','1','',NULL),('020003003','指派订单','','020003','orderInfo/orderAssign.html','1','0','1',NULL,'Y','2017-10-26 14:29:54','0000000001','系统管理员','','',NULL,NULL,NULL,NULL,NULL,'','','1','',NULL),('020003004','订单跟踪','','020003','orderInfo/orderAfter.html','1','0','1',NULL,'Y','2017-10-26 15:21:13','0000000001','系统管理员','','',NULL,NULL,NULL,NULL,NULL,'','','1','',NULL),('020004','统计查询','统计分析','020','statisticalQuery','1','0','1',NULL,'Y','2017-09-25 10:29:02','0000000001','系统管理员','','',NULL,NULL,NULL,NULL,NULL,'','','1','&#x1002',NULL),('020004001','订单统计','订单统计、查询、分析','020004','statisticalQuery/orderStatistic.html','1','0','1',NULL,'Y','2017-09-25 10:31:38','0000000001','系统管理员','','',NULL,NULL,NULL,NULL,NULL,'','','1','',NULL),('020004002','提成统计','提成统计、查询、分析','020004','statisticalQuery/moneyStatistic.html','1','0','1',NULL,'Y','2017-09-25 10:32:39','0000000001','系统管理员','','',NULL,NULL,NULL,NULL,NULL,'','','1','',NULL),('020004003','意见投诉统计','意见投诉统计、查询','020004','statisticalQuery/adviceStatistic.html','1','0','1',NULL,'Y','2017-09-25 10:33:34','0000000001','系统管理员','','',NULL,NULL,NULL,NULL,NULL,'','','1','',NULL),('020004004','投诉建议列表','投诉查看','020004','statisticalQuery/orderComplain.html','1','0','1',NULL,'Y','2017-11-09 13:24:22','0000000001','系统管理员','','',NULL,NULL,NULL,NULL,NULL,'','','1','',NULL),('020004005','签到列表','地图签到信息','020004','statisticalQuery/signMapList.html','1','0','1',NULL,'Y','2017-11-09 17:54:34','0000000001','系统管理员','','',NULL,NULL,NULL,NULL,NULL,'','','1','',NULL);

/*Table structure for table `sys_log_info` */

DROP TABLE IF EXISTS `sys_log_info`;

CREATE TABLE `sys_log_info` (
  `LOG_ID` int(10) unsigned zerofill NOT NULL AUTO_INCREMENT COMMENT '主键',
  `OPERATE_PERSON_ID` varchar(10) NOT NULL COMMENT '菜单名称',
  `OPERATE_PERSON_NAME` varchar(100) NOT NULL COMMENT '菜单描述',
  `OPERATE_TIME` datetime DEFAULT NULL COMMENT '父菜单编号',
  `FUNCTION_URL` varchar(10) NOT NULL COMMENT '菜单链接地址',
  `FUNCTION_NAME` varchar(100) DEFAULT NULL COMMENT '菜单顺序',
  `FUNCTION_DESC` varchar(100) DEFAULT NULL,
  `REMARK` varchar(100) DEFAULT NULL COMMENT '备注',
  `STATUS` varchar(100) DEFAULT 'Y' COMMENT '状态（Y正常,N禁用）',
  `CREATE_TIME` timestamp NULL DEFAULT CURRENT_TIMESTAMP COMMENT '创建时间',
  `CREATE_USER_ID` varchar(100) NOT NULL COMMENT '创建人编号(SYS_USER_INFO.USER_ID)',
  `CREATE_USER_NAME` varchar(100) NOT NULL COMMENT '创建人姓名(SYS_USER_INFO.USER_NAME)',
  `CREATE_DEPART_ID` varchar(100) DEFAULT NULL COMMENT '创建人所属科室编号(SYS_DEPART_INFO.DEPART_ID)',
  `CREATE_DEPART_NAME` varchar(100) DEFAULT NULL COMMENT '创建人所属科室名称(SYS_DEPART_INFO.DEPART_NAME)',
  `LAST_UPDATE_TIME` datetime DEFAULT NULL COMMENT '最后更新时间',
  `LAST_UPDATE_USER_ID` varchar(100) DEFAULT NULL COMMENT '最后更新人编号(SYS_USER_INFO.USER_ID)',
  `LAST_UPDATE_USER_NAME` varchar(100) DEFAULT NULL COMMENT '最后更新人姓名(SYS_USER_INFO.USER_NAME)',
  `LAST_UPDATE_DEPART_ID` varchar(100) DEFAULT NULL COMMENT '最后更新所属科室编号(SYS_DEPART_INFO.DEPART_ID)',
  `LAST_UPDATE_DEPART_NAME` varchar(100) DEFAULT NULL COMMENT '最后更新所属科室名称(SYS_DEPART_INFO.DEPART_NAME)',
  PRIMARY KEY (`LOG_ID`)
) ENGINE=InnoDB AUTO_INCREMENT=3628 DEFAULT CHARSET=utf8;

/*Data for the table `sys_log_info` */

insert  into `sys_log_info`(`LOG_ID`,`OPERATE_PERSON_ID`,`OPERATE_PERSON_NAME`,`OPERATE_TIME`,`FUNCTION_URL`,`FUNCTION_NAME`,`FUNCTION_DESC`,`REMARK`,`STATUS`,`CREATE_TIME`,`CREATE_USER_ID`,`CREATE_USER_NAME`,`CREATE_DEPART_ID`,`CREATE_DEPART_NAME`,`LAST_UPDATE_TIME`,`LAST_UPDATE_USER_ID`,`LAST_UPDATE_USER_NAME`,`LAST_UPDATE_DEPART_ID`,`LAST_UPDATE_DEPART_NAME`) values (0000002694,'0000003489','王思聪','2017-11-20 15:23:08','wxlogin.do','微信端登陆','微信端登陆成功','微信端登陆','Y','2017-11-20 15:23:09','0000003489','王思聪',NULL,NULL,NULL,NULL,NULL,NULL,NULL),(0000002695,'0000003476','李四','2017-11-20 15:25:00','wxlogin.do','微信端登陆','微信端登陆成功','微信端登陆','Y','2017-11-20 15:25:01','0000003476','李四',NULL,NULL,NULL,NULL,NULL,NULL,NULL),(0000002696,'0000003476','李四','2017-11-20 15:25:07','wxlogin.do','微信端登陆','微信端登陆成功','微信端登陆','Y','2017-11-20 15:25:08','0000003476','李四',NULL,NULL,NULL,NULL,NULL,NULL,NULL),(0000002697,'0000003476','李四','2017-11-20 15:25:27','wxlogin.do','微信端登陆','微信端登陆成功','微信端登陆','Y','2017-11-20 15:25:28','0000003476','李四',NULL,NULL,NULL,NULL,NULL,NULL,NULL),(0000002698,'0000003489','王思聪','2017-11-20 15:25:52','wxlogin.do','微信端登陆','微信端登陆成功','微信端登陆','Y','2017-11-20 15:25:54','0000003489','王思聪',NULL,NULL,NULL,NULL,NULL,NULL,NULL),(0000002699,'0000003476','李四','2017-11-20 15:28:15','wxlogin.do','微信端登陆','微信端登陆成功','微信端登陆','Y','2017-11-20 15:28:16','0000003476','李四',NULL,NULL,NULL,NULL,NULL,NULL,NULL),(0000002700,'0000003476','李四','2017-11-20 15:33:48','wxlogin.do','微信端登陆','微信端登陆成功','微信端登陆','Y','2017-11-20 15:33:49','0000003476','李四',NULL,NULL,NULL,NULL,NULL,NULL,NULL),(0000002701,'0000003476','李四','2017-11-20 15:46:47','wxlogin.do','微信端登陆','微信端登陆成功','微信端登陆','Y','2017-11-20 15:46:48','0000003476','李四',NULL,NULL,NULL,NULL,NULL,NULL,NULL),(0000002702,'0000003476','李四','2017-11-20 15:50:05','wxlogin.do','微信端登陆','微信端登陆成功','微信端登陆','Y','2017-11-20 15:50:07','0000003476','李四',NULL,NULL,NULL,NULL,NULL,NULL,NULL),(0000002703,'0000003476','李四','2017-11-20 15:51:03','wxlogin.do','微信端登陆','微信端登陆成功','微信端登陆','Y','2017-11-20 15:51:04','0000003476','李四',NULL,NULL,NULL,NULL,NULL,NULL,NULL),(0000002704,'0000003489','王思聪','2017-11-20 15:51:18','wxlogin.do','微信端登陆','微信端登陆成功','微信端登陆','Y','2017-11-20 15:51:20','0000003489','王思聪',NULL,NULL,NULL,NULL,NULL,NULL,NULL),(0000002705,'0000003489','王思聪','2017-11-20 15:51:37','wxlogin.do','微信端登陆','微信端登陆成功','微信端登陆','Y','2017-11-20 15:51:39','0000003489','王思聪',NULL,NULL,NULL,NULL,NULL,NULL,NULL),(0000002706,'0000003476','李四','2017-11-20 15:52:13','wxlogin.do','微信端登陆','微信端登陆成功','微信端登陆','Y','2017-11-20 15:52:15','0000003476','李四',NULL,NULL,NULL,NULL,NULL,NULL,NULL),(0000002707,'0000003480','胖胖','2017-11-20 15:52:45','wxlogin.do','微信端登陆','微信端登陆成功','微信端登陆','Y','2017-11-20 15:52:46','0000003480','胖胖',NULL,NULL,NULL,NULL,NULL,NULL,NULL),(0000002708,'0000003476','李四','2017-11-20 16:09:36','wxlogin.do','微信端登陆','微信端登陆成功','微信端登陆','Y','2017-11-20 16:09:37','0000003476','李四',NULL,NULL,NULL,NULL,NULL,NULL,NULL),(0000002709,'0000003486','小张','2017-11-20 16:10:55','wxlogin.do','微信端登陆','微信端登陆成功','微信端登陆','Y','2017-11-20 16:10:56','0000003486','小张',NULL,NULL,NULL,NULL,NULL,NULL,NULL),(0000002710,'0000003486','小张','2017-11-20 16:11:13','wxlogin.do','微信端登陆','微信端登陆成功','微信端登陆','Y','2017-11-20 16:11:15','0000003486','小张',NULL,NULL,NULL,NULL,NULL,NULL,NULL),(0000002711,'0000003486','小张','2017-11-20 16:12:53','wxlogin.do','微信端登陆','微信端登陆成功','微信端登陆','Y','2017-11-20 16:12:54','0000003486','小张',NULL,NULL,NULL,NULL,NULL,NULL,NULL),(0000002712,'0000003486','小张','2017-11-20 16:19:16','wxlogin.do','微信端登陆','微信端登陆成功','微信端登陆','Y','2017-11-20 16:19:17','0000003486','小张',NULL,NULL,NULL,NULL,NULL,NULL,NULL),(0000002713,'0000003486','小张','2017-11-20 16:20:45','wxlogin.do','微信端登陆','微信端登陆成功','微信端登陆','Y','2017-11-20 16:20:47','0000003486','小张',NULL,NULL,NULL,NULL,NULL,NULL,NULL),(0000002714,'0000003488','毛不易','2017-11-20 16:21:27','wxlogin.do','微信端登陆','微信端登陆成功','微信端登陆','Y','2017-11-20 16:21:28','0000003488','毛不易',NULL,NULL,NULL,NULL,NULL,NULL,NULL),(0000002715,'0000003485','小宋','2017-11-20 16:23:56','wxlogin.do','微信端登陆','微信端登陆成功','微信端登陆','Y','2017-11-20 16:23:57','0000003485','小宋',NULL,NULL,NULL,NULL,NULL,NULL,NULL),(0000002716,'0000003486','小张','2017-11-20 16:24:06','wxlogin.do','微信端登陆','微信端登陆成功','微信端登陆','Y','2017-11-20 16:24:08','0000003486','小张',NULL,NULL,NULL,NULL,NULL,NULL,NULL),(0000002717,'0000003488','毛不易','2017-11-20 16:24:13','wxlogin.do','微信端登陆','微信端登陆成功','微信端登陆','Y','2017-11-20 16:24:14','0000003488','毛不易',NULL,NULL,NULL,NULL,NULL,NULL,NULL),(0000002718,'0000003486','小张','2017-11-20 16:26:07','wxlogin.do','微信端登陆','微信端登陆成功','微信端登陆','Y','2017-11-20 16:26:08','0000003486','小张',NULL,NULL,NULL,NULL,NULL,NULL,NULL),(0000002719,'0000003488','毛不易','2017-11-20 16:26:24','wxlogin.do','微信端登陆','微信端登陆成功','微信端登陆','Y','2017-11-20 16:26:25','0000003488','毛不易',NULL,NULL,NULL,NULL,NULL,NULL,NULL),(0000002720,'0000003481','吴为','2017-11-20 16:27:33','wxlogin.do','微信端登陆','微信端登陆成功','微信端登陆','Y','2017-11-20 16:27:34','0000003481','吴为',NULL,NULL,NULL,NULL,NULL,NULL,NULL),(0000002721,'0000003487','陈聪','2017-11-20 16:29:30','wxlogin.do','微信端登陆','微信端登陆成功','微信端登陆','Y','2017-11-20 16:29:31','0000003487','陈聪',NULL,NULL,NULL,NULL,NULL,NULL,NULL),(0000002722,'0000003488','毛不易','2017-11-20 16:29:44','wxlogin.do','微信端登陆','微信端登陆成功','微信端登陆','Y','2017-11-20 16:29:45','0000003488','毛不易',NULL,NULL,NULL,NULL,NULL,NULL,NULL),(0000002723,'0000003481','吴为','2017-11-20 16:31:05','wxlogin.do','微信端登陆','微信端登陆成功','微信端登陆','Y','2017-11-20 16:31:06','0000003481','吴为',NULL,NULL,NULL,NULL,NULL,NULL,NULL),(0000002724,'0000003490','采购员','2017-11-20 16:31:33','wxlogin.do','微信端登陆','微信端登陆成功','微信端登陆','Y','2017-11-20 16:31:34','0000003490','采购员',NULL,NULL,NULL,NULL,NULL,NULL,NULL),(0000002725,'0000003481','吴为','2017-11-20 16:32:22','wxlogin.do','微信端登陆','微信端登陆成功','微信端登陆','Y','2017-11-20 16:32:24','0000003481','吴为',NULL,NULL,NULL,NULL,NULL,NULL,NULL),(0000002726,'0000003483','李丽','2017-11-20 16:36:07','wxlogin.do','微信端登陆','微信端登陆成功','微信端登陆','Y','2017-11-20 16:36:09','0000003483','李丽',NULL,NULL,NULL,NULL,NULL,NULL,NULL),(0000002727,'0000003483','李丽','2017-11-20 16:36:15','wxlogin.do','微信端登陆','微信端登陆成功','微信端登陆','Y','2017-11-20 16:36:16','0000003483','李丽',NULL,NULL,NULL,NULL,NULL,NULL,NULL),(0000002728,'0000003478','丽丽','2017-11-20 16:36:51','wxlogin.do','微信端登陆','微信端登陆成功','微信端登陆','Y','2017-11-20 16:36:53','0000003478','丽丽',NULL,NULL,NULL,NULL,NULL,NULL,NULL),(0000002729,'0000003484','小仓','2017-11-20 16:37:05','wxlogin.do','微信端登陆','微信端登陆成功','微信端登陆','Y','2017-11-20 16:37:06','0000003484','小仓',NULL,NULL,NULL,NULL,NULL,NULL,NULL),(0000002730,'0000003475','张三','2017-11-20 16:37:16','wxlogin.do','微信端登陆','微信端登陆成功','微信端登陆','Y','2017-11-20 16:37:17','0000003475','张三',NULL,NULL,NULL,NULL,NULL,NULL,NULL),(0000002731,'0000003491','检验员1','2017-11-20 16:37:54','wxlogin.do','微信端登陆','微信端登陆成功','微信端登陆','Y','2017-11-20 16:37:55','0000003491','检验员1',NULL,NULL,NULL,NULL,NULL,NULL,NULL),(0000002732,'0000003475','张三','2017-11-20 16:41:43','wxlogin.do','微信端登陆','微信端登陆成功','微信端登陆','Y','2017-11-20 16:41:45','0000003475','张三',NULL,NULL,NULL,NULL,NULL,NULL,NULL),(0000002733,'0000003486','小张','2017-11-20 16:42:04','wxlogin.do','微信端登陆','微信端登陆成功','微信端登陆','Y','2017-11-20 16:42:05','0000003486','小张',NULL,NULL,NULL,NULL,NULL,NULL,NULL),(0000002734,'0000003486','小张','2017-11-20 16:48:49','wxlogin.do','微信端登陆','微信端登陆成功','微信端登陆','Y','2017-11-20 16:48:50','0000003486','小张',NULL,NULL,NULL,NULL,NULL,NULL,NULL),(0000002735,'0000003476','李四','2017-11-20 16:49:02','wxlogin.do','微信端登陆','微信端登陆成功','微信端登陆','Y','2017-11-20 16:49:04','0000003476','李四',NULL,NULL,NULL,NULL,NULL,NULL,NULL),(0000002736,'0000003486','小张','2017-11-20 16:50:16','wxlogin.do','微信端登陆','微信端登陆成功','微信端登陆','Y','2017-11-20 16:50:17','0000003486','小张',NULL,NULL,NULL,NULL,NULL,NULL,NULL),(0000002737,'0000003486','小张','2017-11-20 16:53:09','wxlogin.do','微信端登陆','微信端登陆成功','微信端登陆','Y','2017-11-20 16:53:11','0000003486','小张',NULL,NULL,NULL,NULL,NULL,NULL,NULL),(0000002738,'0000003486','小张','2017-11-20 16:58:51','wxlogin.do','微信端登陆','微信端登陆成功','微信端登陆','Y','2017-11-20 16:58:52','0000003486','小张',NULL,NULL,NULL,NULL,NULL,NULL,NULL),(0000002739,'0000003486','小张','2017-11-20 17:00:44','wxlogin.do','微信端登陆','微信端登陆成功','微信端登陆','Y','2017-11-20 17:00:45','0000003486','小张',NULL,NULL,NULL,NULL,NULL,NULL,NULL),(0000002740,'0000003486','小张','2017-11-20 17:00:53','wxlogin.do','微信端登陆','微信端登陆成功','微信端登陆','Y','2017-11-20 17:00:54','0000003486','小张',NULL,NULL,NULL,NULL,NULL,NULL,NULL),(0000002741,'0000003486','小张','2017-11-20 17:05:01','wxlogin.do','微信端登陆','微信端登陆成功','微信端登陆','Y','2017-11-20 17:05:02','0000003486','小张',NULL,NULL,NULL,NULL,NULL,NULL,NULL),(0000002742,'0000003486','小张','2017-11-20 17:05:24','wxlogin.do','微信端登陆','微信端登陆成功','微信端登陆','Y','2017-11-20 17:05:26','0000003486','小张',NULL,NULL,NULL,NULL,NULL,NULL,NULL),(0000002743,'0000003484','小仓','2017-11-20 17:05:38','wxlogin.do','微信端登陆','微信端登陆成功','微信端登陆','Y','2017-11-20 17:05:40','0000003484','小仓',NULL,NULL,NULL,NULL,NULL,NULL,NULL),(0000002744,'0000003484','小仓','2017-11-20 17:07:43','wxlogin.do','微信端登陆','微信端登陆成功','微信端登陆','Y','2017-11-20 17:07:45','0000003484','小仓',NULL,NULL,NULL,NULL,NULL,NULL,NULL),(0000002745,'0000003486','小张','2017-11-20 17:11:33','wxlogin.do','微信端登陆','微信端登陆成功','微信端登陆','Y','2017-11-20 17:11:35','0000003486','小张',NULL,NULL,NULL,NULL,NULL,NULL,NULL),(0000002746,'0000003486','小张','2017-11-20 17:11:56','wxlogin.do','微信端登陆','微信端登陆成功','微信端登陆','Y','2017-11-20 17:11:58','0000003486','小张',NULL,NULL,NULL,NULL,NULL,NULL,NULL),(0000002747,'0000000001','系统管理员','2017-11-20 17:12:26','wxlogin.do','微信端登陆','微信端登陆成功','微信端登陆','Y','2017-11-20 17:12:27','0000000001','系统管理员',NULL,NULL,NULL,NULL,NULL,NULL,NULL),(0000002748,'0000000001','系统管理员','2017-11-20 17:14:14','wxlogin.do','微信端登陆','微信端登陆成功','微信端登陆','Y','2017-11-20 17:14:16','0000000001','系统管理员',NULL,NULL,NULL,NULL,NULL,NULL,NULL),(0000002749,'0000000001','系统管理员','2017-11-20 17:19:51','wxlogin.do','微信端登陆','微信端登陆成功','微信端登陆','Y','2017-11-20 17:19:52','0000000001','系统管理员',NULL,NULL,NULL,NULL,NULL,NULL,NULL),(0000002750,'0000000001','系统管理员','2017-11-20 18:56:41','wxlogin.do','微信端登陆','微信端登陆成功','微信端登陆','Y','2017-11-20 18:56:42','0000000001','系统管理员',NULL,NULL,NULL,NULL,NULL,NULL,NULL),(0000002751,'0000000001','系统管理员','2017-11-20 18:59:24','wxlogin.do','微信端登陆','微信端登陆成功','微信端登陆','Y','2017-11-20 18:59:25','0000000001','系统管理员',NULL,NULL,NULL,NULL,NULL,NULL,NULL),(0000002752,'0000000001','系统管理员','2017-11-20 19:00:23','wxlogin.do','微信端登陆','微信端登陆成功','微信端登陆','Y','2017-11-20 19:00:25','0000000001','系统管理员',NULL,NULL,NULL,NULL,NULL,NULL,NULL),(0000002753,'0000000001','系统管理员','2017-11-20 19:04:13','wxlogin.do','微信端登陆','微信端登陆成功','微信端登陆','Y','2017-11-20 19:04:15','0000000001','系统管理员',NULL,NULL,NULL,NULL,NULL,NULL,NULL),(0000002754,'0000000001','系统管理员','2017-11-20 19:08:55','wxlogin.do','微信端登陆','微信端登陆成功','微信端登陆','Y','2017-11-20 19:08:56','0000000001','系统管理员',NULL,NULL,NULL,NULL,NULL,NULL,NULL),(0000002755,'0000000001','系统管理员','2017-11-20 19:09:26','wxlogin.do','微信端登陆','微信端登陆成功','微信端登陆','Y','2017-11-20 19:09:28','0000000001','系统管理员',NULL,NULL,NULL,NULL,NULL,NULL,NULL),(0000002756,'0000000001','系统管理员','2017-11-21 09:13:32','wxlogin.do','微信端登陆','微信端登陆成功','微信端登陆','Y','2017-11-21 09:13:34','0000000001','系统管理员',NULL,NULL,NULL,NULL,NULL,NULL,NULL),(0000002757,'0000000001','系统管理员','2017-11-21 09:15:52','wxlogin.do','微信端登陆','微信端登陆成功','微信端登陆','Y','2017-11-21 09:15:55','0000000001','系统管理员',NULL,NULL,NULL,NULL,NULL,NULL,NULL),(0000002758,'0000000001','系统管理员','2017-11-21 09:18:04','wxlogin.do','微信端登陆','微信端登陆成功','微信端登陆','Y','2017-11-21 09:18:07','0000000001','系统管理员',NULL,NULL,NULL,NULL,NULL,NULL,NULL),(0000002759,'0000000001','系统管理员','2017-11-21 09:19:38','wxlogin.do','微信端登陆','微信端登陆成功','微信端登陆','Y','2017-11-21 09:19:40','0000000001','系统管理员',NULL,NULL,NULL,NULL,NULL,NULL,NULL),(0000002760,'0000000001','系统管理员','2017-11-21 09:28:13','wxlogin.do','微信端登陆','微信端登陆成功','微信端登陆','Y','2017-11-21 09:28:15','0000000001','系统管理员',NULL,NULL,NULL,NULL,NULL,NULL,NULL),(0000002761,'0000003487','陈聪','2017-11-21 09:29:24','wxlogin.do','微信端登陆','微信端登陆成功','微信端登陆','Y','2017-11-21 09:29:26','0000003487','陈聪',NULL,NULL,NULL,NULL,NULL,NULL,NULL),(0000002762,'0000003481','吴为','2017-11-21 09:32:56','wxlogin.do','微信端登陆','微信端登陆成功','微信端登陆','Y','2017-11-21 09:32:58','0000003481','吴为',NULL,NULL,NULL,NULL,NULL,NULL,NULL),(0000002763,'0000000001','系统管理员','2017-11-21 09:33:42','wxlogin.do','微信端登陆','微信端登陆成功','微信端登陆','Y','2017-11-21 09:33:44','0000000001','系统管理员',NULL,NULL,NULL,NULL,NULL,NULL,NULL),(0000002764,'0000000001','系统管理员','2017-11-21 09:41:29','wxlogin.do','微信端登陆','微信端登陆成功','微信端登陆','Y','2017-11-21 09:41:32','0000000001','系统管理员',NULL,NULL,NULL,NULL,NULL,NULL,NULL),(0000002765,'0000003484','小仓','2017-11-21 09:42:18','wxlogin.do','微信端登陆','微信端登陆成功','微信端登陆','Y','2017-11-21 09:42:21','0000003484','小仓',NULL,NULL,NULL,NULL,NULL,NULL,NULL),(0000002766,'0000003483','李丽','2017-11-21 09:42:38','wxlogin.do','微信端登陆','微信端登陆成功','微信端登陆','Y','2017-11-21 09:42:40','0000003483','李丽',NULL,NULL,NULL,NULL,NULL,NULL,NULL),(0000002767,'0000003483','李丽','2017-11-21 09:42:39','wxlogin.do','微信端登陆','微信端登陆成功','微信端登陆','Y','2017-11-21 09:42:42','0000003483','李丽',NULL,NULL,NULL,NULL,NULL,NULL,NULL),(0000002768,'0000003483','李丽','2017-11-21 09:52:03','wxlogin.do','微信端登陆','微信端登陆成功','微信端登陆','Y','2017-11-21 09:52:06','0000003483','李丽',NULL,NULL,NULL,NULL,NULL,NULL,NULL),(0000002769,'0000000001','系统管理员','2017-11-21 09:52:52','wxlogin.do','微信端登陆','微信端登陆成功','微信端登陆','Y','2017-11-21 09:52:55','0000000001','系统管理员',NULL,NULL,NULL,NULL,NULL,NULL,NULL),(0000002770,'0000000001','系统管理员','2017-11-21 09:56:50','wxlogin.do','微信端登陆','微信端登陆成功','微信端登陆','Y','2017-11-21 09:56:52','0000000001','系统管理员',NULL,NULL,NULL,NULL,NULL,NULL,NULL),(0000002771,'0000000001','系统管理员','2017-11-21 09:57:45','wxlogin.do','微信端登陆','微信端登陆成功','微信端登陆','Y','2017-11-21 09:57:48','0000000001','系统管理员',NULL,NULL,NULL,NULL,NULL,NULL,NULL),(0000002772,'0000000001','系统管理员','2017-11-21 10:03:52','wxlogin.do','微信端登陆','微信端登陆成功','微信端登陆','Y','2017-11-21 10:03:55','0000000001','系统管理员',NULL,NULL,NULL,NULL,NULL,NULL,NULL),(0000002773,'0000000001','系统管理员','2017-11-21 10:05:55','wxlogin.do','微信端登陆','微信端登陆成功','微信端登陆','Y','2017-11-21 10:05:57','0000000001','系统管理员',NULL,NULL,NULL,NULL,NULL,NULL,NULL),(0000002774,'0000000001','系统管理员','2017-11-21 10:09:15','wxlogin.do','微信端登陆','微信端登陆成功','微信端登陆','Y','2017-11-21 10:09:18','0000000001','系统管理员',NULL,NULL,NULL,NULL,NULL,NULL,NULL),(0000002775,'0000000001','系统管理员','2017-11-21 10:17:02','wxlogin.do','微信端登陆','微信端登陆成功','微信端登陆','Y','2017-11-21 10:17:05','0000000001','系统管理员',NULL,NULL,NULL,NULL,NULL,NULL,NULL),(0000002776,'0000000001','系统管理员','2017-11-21 10:23:13','wxlogin.do','微信端登陆','微信端登陆成功','微信端登陆','Y','2017-11-21 10:23:15','0000000001','系统管理员',NULL,NULL,NULL,NULL,NULL,NULL,NULL),(0000002777,'0000000001','系统管理员','2017-11-21 11:36:23','wxlogin.do','微信端登陆','微信端登陆成功','微信端登陆','Y','2017-11-21 11:36:25','0000000001','系统管理员',NULL,NULL,NULL,NULL,NULL,NULL,NULL),(0000002778,'0000000001','系统管理员','2017-11-21 13:52:42','login.do','登陆','登陆成功','登陆','Y','2017-11-21 13:52:44','0000000001','系统管理员',NULL,NULL,NULL,NULL,NULL,NULL,NULL),(0000002779,'0000000001','系统管理员','2017-11-21 13:57:25','login.do','登陆','登陆成功','登陆','Y','2017-11-21 13:57:27','0000000001','系统管理员',NULL,NULL,NULL,NULL,NULL,NULL,NULL),(0000002780,'0000000001','系统管理员','2017-11-21 14:05:07','login.do','登陆','登陆成功','登陆','Y','2017-11-21 14:05:09','0000000001','系统管理员',NULL,NULL,NULL,NULL,NULL,NULL,NULL),(0000002781,'0000000001','系统管理员','2017-11-21 14:13:02','login.do','登陆','登陆成功','登陆','Y','2017-11-21 14:13:04','0000000001','系统管理员',NULL,NULL,NULL,NULL,NULL,NULL,NULL),(0000002782,'0000000001','系统管理员','2017-11-21 14:19:20','wxlogin.do','微信端登陆','微信端登陆成功','微信端登陆','Y','2017-11-21 14:19:22','0000000001','系统管理员',NULL,NULL,NULL,NULL,NULL,NULL,NULL),(0000002783,'0000000001','系统管理员','2017-11-21 14:27:00','wxlogin.do','微信端登陆','微信端登陆成功','微信端登陆','Y','2017-11-21 14:27:02','0000000001','系统管理员',NULL,NULL,NULL,NULL,NULL,NULL,NULL),(0000002784,'0000003489','王思聪','2017-11-21 15:20:07','login.do','登陆','登陆成功','登陆','Y','2017-11-21 15:20:10','0000003489','王思聪',NULL,NULL,NULL,NULL,NULL,NULL,NULL),(0000002785,'0000000001','系统管理员','2017-11-21 15:20:24','wxlogin.do','微信端登陆','微信端登陆成功','微信端登陆','Y','2017-11-21 15:20:26','0000000001','系统管理员',NULL,NULL,NULL,NULL,NULL,NULL,NULL),(0000002786,'0000003489','王思聪','2017-11-21 15:20:30','wxlogin.do','微信端登陆','微信端登陆成功','微信端登陆','Y','2017-11-21 15:20:33','0000003489','王思聪',NULL,NULL,NULL,NULL,NULL,NULL,NULL),(0000002787,'0000003476','李四','2017-11-21 15:22:17','wxlogin.do','微信端登陆','微信端登陆成功','微信端登陆','Y','2017-11-21 15:22:19','0000003476','李四',NULL,NULL,NULL,NULL,NULL,NULL,NULL),(0000002788,'0000003476','李四','2017-11-21 15:23:11','wxlogin.do','微信端登陆','微信端登陆成功','微信端登陆','Y','2017-11-21 15:23:14','0000003476','李四',NULL,NULL,NULL,NULL,NULL,NULL,NULL),(0000002789,'0000003488','毛不易','2017-11-21 15:23:40','wxlogin.do','微信端登陆','微信端登陆成功','微信端登陆','Y','2017-11-21 15:23:43','0000003488','毛不易',NULL,NULL,NULL,NULL,NULL,NULL,NULL),(0000002790,'0000003481','吴为','2017-11-21 15:24:37','wxlogin.do','微信端登陆','微信端登陆成功','微信端登陆','Y','2017-11-21 15:24:39','0000003481','吴为',NULL,NULL,NULL,NULL,NULL,NULL,NULL),(0000002791,'0000003476','李四','2017-11-21 15:33:03','wxlogin.do','微信端登陆','微信端登陆成功','微信端登陆','Y','2017-11-21 15:33:05','0000003476','李四',NULL,NULL,NULL,NULL,NULL,NULL,NULL),(0000002792,'0000003488','毛不易','2017-11-21 15:33:14','wxlogin.do','微信端登陆','微信端登陆成功','微信端登陆','Y','2017-11-21 15:33:16','0000003488','毛不易',NULL,NULL,NULL,NULL,NULL,NULL,NULL),(0000002793,'0000003488','毛不易','2017-11-21 15:33:16','wxlogin.do','微信端登陆','微信端登陆成功','微信端登陆','Y','2017-11-21 15:33:19','0000003488','毛不易',NULL,NULL,NULL,NULL,NULL,NULL,NULL),(0000002794,'0000003481','吴为','2017-11-21 15:33:34','wxlogin.do','微信端登陆','微信端登陆成功','微信端登陆','Y','2017-11-21 15:33:36','0000003481','吴为',NULL,NULL,NULL,NULL,NULL,NULL,NULL),(0000002795,'0000003481','吴为','2017-11-21 15:36:29','wxlogin.do','微信端登陆','微信端登陆成功','微信端登陆','Y','2017-11-21 15:36:31','0000003481','吴为',NULL,NULL,NULL,NULL,NULL,NULL,NULL),(0000002796,'0000003488','毛不易','2017-11-21 16:21:45','wxlogin.do','微信端登陆','微信端登陆成功','微信端登陆','Y','2017-11-21 16:21:48','0000003488','毛不易',NULL,NULL,NULL,NULL,NULL,NULL,NULL),(0000002797,'0000003488','毛不易','2017-11-21 16:22:23','wxlogin.do','微信端登陆','微信端登陆成功','微信端登陆','Y','2017-11-21 16:22:25','0000003488','毛不易',NULL,NULL,NULL,NULL,NULL,NULL,NULL),(0000002798,'0000003488','毛不易','2017-11-21 16:55:04','login.do','登陆','登陆成功','登陆','Y','2017-11-21 16:55:07','0000003488','毛不易',NULL,NULL,NULL,NULL,NULL,NULL,NULL),(0000002799,'0000003488','毛不易','2017-11-21 18:58:21','wxlogin.do','微信端登陆','微信端登陆成功','微信端登陆','Y','2017-11-21 18:58:24','0000003488','毛不易',NULL,NULL,NULL,NULL,NULL,NULL,NULL),(0000002800,'0000000001','系统管理员','2017-11-21 18:58:29','wxlogin.do','微信端登陆','微信端登陆成功','微信端登陆','Y','2017-11-21 18:58:32','0000000001','系统管理员',NULL,NULL,NULL,NULL,NULL,NULL,NULL),(0000002801,'0000003488','毛不易','2017-11-21 18:58:45','wxlogin.do','微信端登陆','微信端登陆成功','微信端登陆','Y','2017-11-21 18:58:48','0000003488','毛不易',NULL,NULL,NULL,NULL,NULL,NULL,NULL),(0000002802,'0000003488','毛不易','2017-11-21 18:58:45','wxlogin.do','微信端登陆','微信端登陆成功','微信端登陆','Y','2017-11-21 18:58:48','0000003488','毛不易',NULL,NULL,NULL,NULL,NULL,NULL,NULL),(0000002803,'0000003480','胖胖','2017-11-21 19:00:11','wxlogin.do','微信端登陆','微信端登陆成功','微信端登陆','Y','2017-11-21 19:00:14','0000003480','胖胖',NULL,NULL,NULL,NULL,NULL,NULL,NULL),(0000002804,'0000003480','胖胖','2017-11-21 19:00:11','wxlogin.do','微信端登陆','微信端登陆成功','微信端登陆','Y','2017-11-21 19:00:14','0000003480','胖胖',NULL,NULL,NULL,NULL,NULL,NULL,NULL),(0000002805,'0000003476','李四','2017-11-21 19:04:18','wxlogin.do','微信端登陆','微信端登陆成功','微信端登陆','Y','2017-11-21 19:04:21','0000003476','李四',NULL,NULL,NULL,NULL,NULL,NULL,NULL),(0000002806,'0000000001','系统管理员','2017-11-22 17:02:03','login.do','登陆','登陆成功','登陆','Y','2017-11-22 17:02:01','0000000001','系统管理员',NULL,NULL,NULL,NULL,NULL,NULL,NULL),(0000002807,'0000000001','系统管理员','2017-11-22 17:03:58','login.do','登陆','登陆成功','登陆','Y','2017-11-22 17:03:57','0000000001','系统管理员',NULL,NULL,NULL,NULL,NULL,NULL,NULL),(0000002808,'0000000001','系统管理员','2017-11-22 17:11:30','login.do','登陆','登陆成功','登陆','Y','2017-11-22 17:11:28','0000000001','系统管理员',NULL,NULL,NULL,NULL,NULL,NULL,NULL),(0000002809,'0000003492','外协经理','2017-11-22 17:13:56','wxlogin.do','微信端登陆','微信端登陆成功','微信端登陆','Y','2017-11-22 17:13:54','0000003492','外协经理',NULL,NULL,NULL,NULL,NULL,NULL,NULL),(0000002810,'0000000001','系统管理员','2017-11-22 19:14:36','wxlogin.do','微信端登陆','微信端登陆成功','微信端登陆','Y','2017-11-22 19:14:35','0000000001','系统管理员',NULL,NULL,NULL,NULL,NULL,NULL,NULL),(0000002811,'0000000001','系统管理员','2017-11-22 19:29:47','wxlogin.do','微信端登陆','微信端登陆成功','微信端登陆','Y','2017-11-22 19:29:45','0000000001','系统管理员',NULL,NULL,NULL,NULL,NULL,NULL,NULL),(0000002812,'0000000001','系统管理员','2017-11-22 19:31:29','wxlogin.do','微信端登陆','微信端登陆成功','微信端登陆','Y','2017-11-22 19:31:28','0000000001','系统管理员',NULL,NULL,NULL,NULL,NULL,NULL,NULL),(0000002813,'0000000001','系统管理员','2017-11-23 09:32:56','wxlogin.do','微信端登陆','微信端登陆成功','微信端登陆','Y','2017-11-23 09:32:56','0000000001','系统管理员',NULL,NULL,NULL,NULL,NULL,NULL,NULL),(0000002814,'0000000001','系统管理员','2017-11-23 09:33:46','login.do','登陆','登陆成功','登陆','Y','2017-11-23 09:33:46','0000000001','系统管理员',NULL,NULL,NULL,NULL,NULL,NULL,NULL),(0000002815,'0000000001','系统管理员','2017-11-23 09:34:59','login.do','登陆','登陆成功','登陆','Y','2017-11-23 09:34:58','0000000001','系统管理员',NULL,NULL,NULL,NULL,NULL,NULL,NULL),(0000002816,'0000000001','系统管理员','2017-11-23 10:08:48','wxlogin.do','微信端登陆','微信端登陆成功','微信端登陆','Y','2017-11-23 10:08:48','0000000001','系统管理员',NULL,NULL,NULL,NULL,NULL,NULL,NULL),(0000002817,'0000000001','系统管理员','2017-11-23 10:13:08','login.do','登陆','登陆成功','登陆','Y','2017-11-23 10:13:08','0000000001','系统管理员',NULL,NULL,NULL,NULL,NULL,NULL,NULL),(0000002818,'0000000001','系统管理员','2017-11-23 10:16:40','login.do','登陆','登陆成功','登陆','Y','2017-11-23 10:16:39','0000000001','系统管理员',NULL,NULL,NULL,NULL,NULL,NULL,NULL),(0000002819,'0000000001','系统管理员','2017-11-23 10:50:29','login.do','登陆','登陆成功','登陆','Y','2017-11-23 10:50:29','0000000001','系统管理员',NULL,NULL,NULL,NULL,NULL,NULL,NULL),(0000002820,'0000000001','系统管理员','2017-11-23 10:51:29','login.do','登陆','登陆成功','登陆','Y','2017-11-23 10:51:29','0000000001','系统管理员',NULL,NULL,NULL,NULL,NULL,NULL,NULL),(0000002821,'0000000001','系统管理员','2017-11-23 11:03:09','login.do','登陆','登陆成功','登陆','Y','2017-11-23 11:03:09','0000000001','系统管理员',NULL,NULL,NULL,NULL,NULL,NULL,NULL),(0000002822,'0000000001','系统管理员','2017-11-23 11:03:09','login.do','登陆','登陆成功','登陆','Y','2017-11-23 11:03:09','0000000001','系统管理员',NULL,NULL,NULL,NULL,NULL,NULL,NULL),(0000002823,'0000000001','系统管理员','2017-11-23 11:05:53','login.do','登陆','登陆成功','登陆','Y','2017-11-23 11:05:53','0000000001','系统管理员',NULL,NULL,NULL,NULL,NULL,NULL,NULL),(0000002824,'0000000001','系统管理员','2017-11-23 11:11:50','login.do','登陆','登陆成功','登陆','Y','2017-11-23 11:11:51','0000000001','系统管理员',NULL,NULL,NULL,NULL,NULL,NULL,NULL),(0000002825,'0000000001','系统管理员','2017-11-23 11:11:53','login.do','登陆','登陆成功','登陆','Y','2017-11-23 11:11:53','0000000001','系统管理员',NULL,NULL,NULL,NULL,NULL,NULL,NULL),(0000002826,'0000000001','系统管理员','2017-11-23 11:14:40','login.do','登陆','登陆成功','登陆','Y','2017-11-23 11:14:39','0000000001','系统管理员',NULL,NULL,NULL,NULL,NULL,NULL,NULL),(0000002827,'0000000001','系统管理员','2017-11-23 14:17:09','wxlogin.do','微信端登陆','微信端登陆成功','微信端登陆','Y','2017-11-23 14:17:08','0000000001','系统管理员',NULL,NULL,NULL,NULL,NULL,NULL,NULL),(0000002828,'0000000001','系统管理员','2017-11-23 14:18:14','wxlogin.do','微信端登陆','微信端登陆成功','微信端登陆','Y','2017-11-23 14:18:13','0000000001','系统管理员',NULL,NULL,NULL,NULL,NULL,NULL,NULL),(0000002829,'0000003481','吴为','2017-11-23 14:18:22','wxlogin.do','微信端登陆','微信端登陆成功','微信端登陆','Y','2017-11-23 14:18:21','0000003481','吴为',NULL,NULL,NULL,NULL,NULL,NULL,NULL),(0000002830,'0000000001','系统管理员','2017-11-23 14:19:55','wxlogin.do','微信端登陆','微信端登陆成功','微信端登陆','Y','2017-11-23 14:19:55','0000000001','系统管理员',NULL,NULL,NULL,NULL,NULL,NULL,NULL),(0000002831,'0000003488','毛不易','2017-11-23 14:20:11','wxlogin.do','微信端登陆','微信端登陆成功','微信端登陆','Y','2017-11-23 14:20:10','0000003488','毛不易',NULL,NULL,NULL,NULL,NULL,NULL,NULL),(0000002832,'0000000001','系统管理员','2017-11-23 14:20:25','wxlogin.do','微信端登陆','微信端登陆成功','微信端登陆','Y','2017-11-23 14:20:25','0000000001','系统管理员',NULL,NULL,NULL,NULL,NULL,NULL,NULL),(0000002833,'0000003488','毛不易','2017-11-23 14:21:05','wxlogin.do','微信端登陆','微信端登陆成功','微信端登陆','Y','2017-11-23 14:21:05','0000003488','毛不易',NULL,NULL,NULL,NULL,NULL,NULL,NULL),(0000002834,'0000003488','毛不易','2017-11-23 14:23:19','wxlogin.do','微信端登陆','微信端登陆成功','微信端登陆','Y','2017-11-23 14:23:19','0000003488','毛不易',NULL,NULL,NULL,NULL,NULL,NULL,NULL),(0000002835,'0000003488','毛不易','2017-11-23 14:24:14','wxlogin.do','微信端登陆','微信端登陆成功','微信端登陆','Y','2017-11-23 14:24:14','0000003488','毛不易',NULL,NULL,NULL,NULL,NULL,NULL,NULL),(0000002836,'0000003488','毛不易','2017-11-23 14:26:13','wxlogin.do','微信端登陆','微信端登陆成功','微信端登陆','Y','2017-11-23 14:26:12','0000003488','毛不易',NULL,NULL,NULL,NULL,NULL,NULL,NULL),(0000002837,'0000003488','毛不易','2017-11-23 14:29:42','wxlogin.do','微信端登陆','微信端登陆成功','微信端登陆','Y','2017-11-23 14:29:42','0000003488','毛不易',NULL,NULL,NULL,NULL,NULL,NULL,NULL),(0000002838,'0000003488','毛不易','2017-11-23 14:30:03','wxlogin.do','微信端登陆','微信端登陆成功','微信端登陆','Y','2017-11-23 14:30:03','0000003488','毛不易',NULL,NULL,NULL,NULL,NULL,NULL,NULL),(0000002839,'0000003488','毛不易','2017-11-23 14:30:51','wxlogin.do','微信端登陆','微信端登陆成功','微信端登陆','Y','2017-11-23 14:30:50','0000003488','毛不易',NULL,NULL,NULL,NULL,NULL,NULL,NULL),(0000002840,'0000003488','毛不易','2017-11-23 14:32:41','wxlogin.do','微信端登陆','微信端登陆成功','微信端登陆','Y','2017-11-23 14:32:40','0000003488','毛不易',NULL,NULL,NULL,NULL,NULL,NULL,NULL),(0000002841,'0000003488','毛不易','2017-11-23 14:33:33','wxlogin.do','微信端登陆','微信端登陆成功','微信端登陆','Y','2017-11-23 14:33:33','0000003488','毛不易',NULL,NULL,NULL,NULL,NULL,NULL,NULL),(0000002842,'0000003488','毛不易','2017-11-23 14:34:41','wxlogin.do','微信端登陆','微信端登陆成功','微信端登陆','Y','2017-11-23 14:34:41','0000003488','毛不易',NULL,NULL,NULL,NULL,NULL,NULL,NULL),(0000002843,'0000003488','毛不易','2017-11-23 14:35:10','wxlogin.do','微信端登陆','微信端登陆成功','微信端登陆','Y','2017-11-23 14:35:09','0000003488','毛不易',NULL,NULL,NULL,NULL,NULL,NULL,NULL),(0000002844,'0000003488','毛不易','2017-11-23 14:38:42','wxlogin.do','微信端登陆','微信端登陆成功','微信端登陆','Y','2017-11-23 14:38:42','0000003488','毛不易',NULL,NULL,NULL,NULL,NULL,NULL,NULL),(0000002845,'0000003488','毛不易','2017-11-23 14:41:30','wxlogin.do','微信端登陆','微信端登陆成功','微信端登陆','Y','2017-11-23 14:41:30','0000003488','毛不易',NULL,NULL,NULL,NULL,NULL,NULL,NULL),(0000002846,'0000003488','毛不易','2017-11-23 14:43:41','wxlogin.do','微信端登陆','微信端登陆成功','微信端登陆','Y','2017-11-23 14:43:41','0000003488','毛不易',NULL,NULL,NULL,NULL,NULL,NULL,NULL),(0000002847,'0000003488','毛不易','2017-11-23 14:43:57','wxlogin.do','微信端登陆','微信端登陆成功','微信端登陆','Y','2017-11-23 14:43:57','0000003488','毛不易',NULL,NULL,NULL,NULL,NULL,NULL,NULL),(0000002848,'0000003488','毛不易','2017-11-23 14:48:01','wxlogin.do','微信端登陆','微信端登陆成功','微信端登陆','Y','2017-11-23 14:48:01','0000003488','毛不易',NULL,NULL,NULL,NULL,NULL,NULL,NULL),(0000002849,'0000003488','毛不易','2017-11-23 14:48:27','wxlogin.do','微信端登陆','微信端登陆成功','微信端登陆','Y','2017-11-23 14:48:27','0000003488','毛不易',NULL,NULL,NULL,NULL,NULL,NULL,NULL),(0000002850,'0000003488','毛不易','2017-11-23 14:55:18','wxlogin.do','微信端登陆','微信端登陆成功','微信端登陆','Y','2017-11-23 14:55:18','0000003488','毛不易',NULL,NULL,NULL,NULL,NULL,NULL,NULL),(0000002851,'0000003488','毛不易','2017-11-23 14:55:36','wxlogin.do','微信端登陆','微信端登陆成功','微信端登陆','Y','2017-11-23 14:55:36','0000003488','毛不易',NULL,NULL,NULL,NULL,NULL,NULL,NULL),(0000002852,'0000003488','毛不易','2017-11-23 15:05:08','wxlogin.do','微信端登陆','微信端登陆成功','微信端登陆','Y','2017-11-23 15:05:08','0000003488','毛不易',NULL,NULL,NULL,NULL,NULL,NULL,NULL),(0000002853,'0000003488','毛不易','2017-11-23 15:05:20','wxlogin.do','微信端登陆','微信端登陆成功','微信端登陆','Y','2017-11-23 15:05:20','0000003488','毛不易',NULL,NULL,NULL,NULL,NULL,NULL,NULL),(0000002854,'0000003488','毛不易','2017-11-23 15:05:45','wxlogin.do','微信端登陆','微信端登陆成功','微信端登陆','Y','2017-11-23 15:05:44','0000003488','毛不易',NULL,NULL,NULL,NULL,NULL,NULL,NULL),(0000002855,'0000003488','毛不易','2017-11-23 15:23:30','wxlogin.do','微信端登陆','微信端登陆成功','微信端登陆','Y','2017-11-23 15:23:30','0000003488','毛不易',NULL,NULL,NULL,NULL,NULL,NULL,NULL),(0000002856,'0000003488','毛不易','2017-11-23 15:24:38','wxlogin.do','微信端登陆','微信端登陆成功','微信端登陆','Y','2017-11-23 15:24:38','0000003488','毛不易',NULL,NULL,NULL,NULL,NULL,NULL,NULL),(0000002857,'0000000001','系统管理员','2017-11-23 15:25:28','wxlogin.do','微信端登陆','微信端登陆成功','微信端登陆','Y','2017-11-23 15:25:28','0000000001','系统管理员',NULL,NULL,NULL,NULL,NULL,NULL,NULL),(0000002858,'0000000001','系统管理员','2017-11-23 15:25:57','wxlogin.do','微信端登陆','微信端登陆成功','微信端登陆','Y','2017-11-23 15:25:57','0000000001','系统管理员',NULL,NULL,NULL,NULL,NULL,NULL,NULL),(0000002859,'0000000001','系统管理员','2017-11-23 15:26:18','login.do','登陆','登陆成功','登陆','Y','2017-11-23 15:26:17','0000000001','系统管理员',NULL,NULL,NULL,NULL,NULL,NULL,NULL),(0000002860,'0000000001','系统管理员','2017-11-23 15:26:21','login.do','登陆','登陆成功','登陆','Y','2017-11-23 15:26:21','0000000001','系统管理员',NULL,NULL,NULL,NULL,NULL,NULL,NULL),(0000002861,'0000003489','王思聪','2017-11-23 15:27:57','wxlogin.do','微信端登陆','微信端登陆成功','微信端登陆','Y','2017-11-23 15:27:56','0000003489','王思聪',NULL,NULL,NULL,NULL,NULL,NULL,NULL),(0000002862,'0000000001','系统管理员','2017-11-23 15:39:02','wxlogin.do','微信端登陆','微信端登陆成功','微信端登陆','Y','2017-11-23 15:39:02','0000000001','系统管理员',NULL,NULL,NULL,NULL,NULL,NULL,NULL),(0000002863,'0000003481','吴为','2017-11-23 15:41:25','wxlogin.do','微信端登陆','微信端登陆成功','微信端登陆','Y','2017-11-23 15:41:25','0000003481','吴为',NULL,NULL,NULL,NULL,NULL,NULL,NULL),(0000002864,'0000000001','系统管理员','2017-11-23 15:43:08','wxlogin.do','微信端登陆','微信端登陆成功','微信端登陆','Y','2017-11-23 15:43:08','0000000001','系统管理员',NULL,NULL,NULL,NULL,NULL,NULL,NULL),(0000002865,'0000000001','系统管理员','2017-11-23 15:45:01','wxlogin.do','微信端登陆','微信端登陆成功','微信端登陆','Y','2017-11-23 15:45:01','0000000001','系统管理员',NULL,NULL,NULL,NULL,NULL,NULL,NULL),(0000002866,'0000000001','系统管理员','2017-11-23 15:46:08','wxlogin.do','微信端登陆','微信端登陆成功','微信端登陆','Y','2017-11-23 15:46:08','0000000001','系统管理员',NULL,NULL,NULL,NULL,NULL,NULL,NULL),(0000002867,'0000000001','系统管理员','2017-11-23 15:46:59','wxlogin.do','微信端登陆','微信端登陆成功','微信端登陆','Y','2017-11-23 15:46:59','0000000001','系统管理员',NULL,NULL,NULL,NULL,NULL,NULL,NULL),(0000002868,'0000000001','系统管理员','2017-11-23 15:47:25','wxlogin.do','微信端登陆','微信端登陆成功','微信端登陆','Y','2017-11-23 15:47:25','0000000001','系统管理员',NULL,NULL,NULL,NULL,NULL,NULL,NULL),(0000002869,'0000000001','系统管理员','2017-11-23 15:50:35','wxlogin.do','微信端登陆','微信端登陆成功','微信端登陆','Y','2017-11-23 15:50:35','0000000001','系统管理员',NULL,NULL,NULL,NULL,NULL,NULL,NULL),(0000002870,'0000000001','系统管理员','2017-11-23 15:55:39','wxlogin.do','微信端登陆','微信端登陆成功','微信端登陆','Y','2017-11-23 15:55:38','0000000001','系统管理员',NULL,NULL,NULL,NULL,NULL,NULL,NULL),(0000002871,'0000000001','系统管理员','2017-11-23 15:56:19','wxlogin.do','微信端登陆','微信端登陆成功','微信端登陆','Y','2017-11-23 15:56:19','0000000001','系统管理员',NULL,NULL,NULL,NULL,NULL,NULL,NULL),(0000002872,'0000000001','系统管理员','2017-11-23 15:56:31','wxlogin.do','微信端登陆','微信端登陆成功','微信端登陆','Y','2017-11-23 15:56:31','0000000001','系统管理员',NULL,NULL,NULL,NULL,NULL,NULL,NULL),(0000002873,'0000000001','系统管理员','2017-11-23 16:05:15','wxlogin.do','微信端登陆','微信端登陆成功','微信端登陆','Y','2017-11-23 16:05:15','0000000001','系统管理员',NULL,NULL,NULL,NULL,NULL,NULL,NULL),(0000002874,'0000000001','系统管理员','2017-11-23 17:07:48','wxlogin.do','微信端登陆','微信端登陆成功','微信端登陆','Y','2017-11-23 17:07:47','0000000001','系统管理员',NULL,NULL,NULL,NULL,NULL,NULL,NULL),(0000002875,'0000000001','系统管理员','2017-11-23 17:15:22','wxlogin.do','微信端登陆','微信端登陆成功','微信端登陆','Y','2017-11-23 17:15:22','0000000001','系统管理员',NULL,NULL,NULL,NULL,NULL,NULL,NULL),(0000002876,'0000000001','系统管理员','2017-11-23 17:16:06','wxlogin.do','微信端登陆','微信端登陆成功','微信端登陆','Y','2017-11-23 17:16:06','0000000001','系统管理员',NULL,NULL,NULL,NULL,NULL,NULL,NULL),(0000002877,'0000000001','系统管理员','2017-11-23 17:19:20','wxlogin.do','微信端登陆','微信端登陆成功','微信端登陆','Y','2017-11-23 17:19:20','0000000001','系统管理员',NULL,NULL,NULL,NULL,NULL,NULL,NULL),(0000002878,'0000000001','系统管理员','2017-11-23 17:25:30','wxlogin.do','微信端登陆','微信端登陆成功','微信端登陆','Y','2017-11-23 17:25:30','0000000001','系统管理员',NULL,NULL,NULL,NULL,NULL,NULL,NULL),(0000002879,'0000000001','系统管理员','2017-11-23 17:28:07','wxlogin.do','微信端登陆','微信端登陆成功','微信端登陆','Y','2017-11-23 17:28:07','0000000001','系统管理员',NULL,NULL,NULL,NULL,NULL,NULL,NULL),(0000002880,'0000000001','系统管理员','2017-11-23 17:56:44','wxlogin.do','微信端登陆','微信端登陆成功','微信端登陆','Y','2017-11-23 17:56:44','0000000001','系统管理员',NULL,NULL,NULL,NULL,NULL,NULL,NULL),(0000002881,'0000000001','系统管理员','2017-11-23 17:56:58','login.do','登陆','登陆成功','登陆','Y','2017-11-23 17:56:58','0000000001','系统管理员',NULL,NULL,NULL,NULL,NULL,NULL,NULL),(0000002882,'0000000001','系统管理员','2017-11-23 18:04:20','login.do','登陆','登陆成功','登陆','Y','2017-11-23 18:04:20','0000000001','系统管理员',NULL,NULL,NULL,NULL,NULL,NULL,NULL),(0000002883,'0000000001','系统管理员','2017-11-23 18:14:34','login.do','登陆','登陆成功','登陆','Y','2017-11-23 18:14:34','0000000001','系统管理员',NULL,NULL,NULL,NULL,NULL,NULL,NULL),(0000002884,'0000000001','系统管理员','2017-11-23 19:38:56','wxlogin.do','微信端登陆','微信端登陆成功','微信端登陆','Y','2017-11-23 19:38:56','0000000001','系统管理员',NULL,NULL,NULL,NULL,NULL,NULL,NULL),(0000002885,'0000003481','吴为','2017-11-23 19:40:56','wxlogin.do','微信端登陆','微信端登陆成功','微信端登陆','Y','2017-11-23 19:40:56','0000003481','吴为',NULL,NULL,NULL,NULL,NULL,NULL,NULL),(0000002886,'0000000001','系统管理员','2017-11-23 19:45:58','login.do','登陆','登陆成功','登陆','Y','2017-11-23 19:45:59','0000000001','系统管理员',NULL,NULL,NULL,NULL,NULL,NULL,NULL),(0000002887,'0000000001','系统管理员','2017-11-23 19:56:35','wxlogin.do','微信端登陆','微信端登陆成功','微信端登陆','Y','2017-11-23 19:56:36','0000000001','系统管理员',NULL,NULL,NULL,NULL,NULL,NULL,NULL),(0000002888,'0000000001','系统管理员','2017-11-23 20:16:36','wxlogin.do','微信端登陆','微信端登陆成功','微信端登陆','Y','2017-11-23 20:16:36','0000000001','系统管理员',NULL,NULL,NULL,NULL,NULL,NULL,NULL),(0000002889,'0000000001','系统管理员','2017-11-24 09:08:59','wxlogin.do','微信端登陆','微信端登陆成功','微信端登陆','Y','2017-11-24 09:09:01','0000000001','系统管理员',NULL,NULL,NULL,NULL,NULL,NULL,NULL),(0000002890,'0000003478','丽丽','2017-11-24 09:11:14','wxlogin.do','微信端登陆','微信端登陆成功','微信端登陆','Y','2017-11-24 09:11:15','0000003478','丽丽',NULL,NULL,NULL,NULL,NULL,NULL,NULL),(0000002891,'0000000001','系统管理员','2017-11-24 09:28:02','wxlogin.do','微信端登陆','微信端登陆成功','微信端登陆','Y','2017-11-24 09:28:03','0000000001','系统管理员',NULL,NULL,NULL,NULL,NULL,NULL,NULL),(0000002892,'0000003478','丽丽','2017-11-24 09:28:29','wxlogin.do','微信端登陆','微信端登陆成功','微信端登陆','Y','2017-11-24 09:28:30','0000003478','丽丽',NULL,NULL,NULL,NULL,NULL,NULL,NULL),(0000002893,'0000003478','丽丽','2017-11-24 09:37:44','wxlogin.do','微信端登陆','微信端登陆成功','微信端登陆','Y','2017-11-24 09:37:45','0000003478','丽丽',NULL,NULL,NULL,NULL,NULL,NULL,NULL),(0000002894,'0000003478','丽丽','2017-11-24 09:38:48','wxlogin.do','微信端登陆','微信端登陆成功','微信端登陆','Y','2017-11-24 09:38:49','0000003478','丽丽',NULL,NULL,NULL,NULL,NULL,NULL,NULL),(0000002895,'0000003478','丽丽','2017-11-24 09:48:16','wxlogin.do','微信端登陆','微信端登陆成功','微信端登陆','Y','2017-11-24 09:48:17','0000003478','丽丽',NULL,NULL,NULL,NULL,NULL,NULL,NULL),(0000002896,'0000003478','丽丽','2017-11-24 09:48:56','wxlogin.do','微信端登陆','微信端登陆成功','微信端登陆','Y','2017-11-24 09:48:57','0000003478','丽丽',NULL,NULL,NULL,NULL,NULL,NULL,NULL),(0000002897,'0000000001','系统管理员','2017-11-24 09:53:33','wxlogin.do','微信端登陆','微信端登陆成功','微信端登陆','Y','2017-11-24 09:53:34','0000000001','系统管理员',NULL,NULL,NULL,NULL,NULL,NULL,NULL),(0000002898,'0000000001','系统管理员','2017-11-24 10:23:43','wxlogin.do','微信端登陆','微信端登陆成功','微信端登陆','Y','2017-11-24 10:23:44','0000000001','系统管理员',NULL,NULL,NULL,NULL,NULL,NULL,NULL),(0000002899,'0000003478','丽丽','2017-11-24 10:24:03','wxlogin.do','微信端登陆','微信端登陆成功','微信端登陆','Y','2017-11-24 10:24:04','0000003478','丽丽',NULL,NULL,NULL,NULL,NULL,NULL,NULL),(0000002900,'0000000001','系统管理员','2017-11-24 10:25:29','login.do','登陆','登陆成功','登陆','Y','2017-11-24 10:25:30','0000000001','系统管理员',NULL,NULL,NULL,NULL,NULL,NULL,NULL),(0000002901,'0000000001','系统管理员','2017-11-24 10:35:28','login.do','登陆','登陆成功','登陆','Y','2017-11-24 10:35:30','0000000001','系统管理员',NULL,NULL,NULL,NULL,NULL,NULL,NULL),(0000002902,'0000000001','系统管理员','2017-11-24 10:35:50','wxlogin.do','微信端登陆','微信端登陆成功','微信端登陆','Y','2017-11-24 10:35:51','0000000001','系统管理员',NULL,NULL,NULL,NULL,NULL,NULL,NULL),(0000002903,'0000000001','系统管理员','2017-11-24 11:04:46','login.do','登陆','登陆成功','登陆','Y','2017-11-24 11:04:47','0000000001','系统管理员',NULL,NULL,NULL,NULL,NULL,NULL,NULL),(0000002904,'0000003492','外协经理','2017-11-24 11:11:03','login.do','登陆','登陆成功','登陆','Y','2017-11-24 11:11:04','0000003492','外协经理',NULL,NULL,NULL,NULL,NULL,NULL,NULL),(0000002905,'0000000001','系统管理员','2017-11-24 11:11:10','login.do','登陆','登陆成功','登陆','Y','2017-11-24 11:11:11','0000000001','系统管理员',NULL,NULL,NULL,NULL,NULL,NULL,NULL),(0000002906,'0000000001','系统管理员','2017-11-24 11:11:28','wxlogin.do','微信端登陆','微信端登陆成功','微信端登陆','Y','2017-11-24 11:11:29','0000000001','系统管理员',NULL,NULL,NULL,NULL,NULL,NULL,NULL),(0000002907,'0000003489','王思聪','2017-11-24 11:21:57','wxlogin.do','微信端登陆','微信端登陆成功','微信端登陆','Y','2017-11-24 11:21:58','0000003489','王思聪',NULL,NULL,NULL,NULL,NULL,NULL,NULL),(0000002908,'0000000001','系统管理员','2017-11-24 11:23:20','wxlogin.do','微信端登陆','微信端登陆成功','微信端登陆','Y','2017-11-24 11:23:21','0000000001','系统管理员',NULL,NULL,NULL,NULL,NULL,NULL,NULL),(0000002909,'0000003471','延三','2017-11-24 11:25:14','wxlogin.do','微信端登陆','微信端登陆成功','微信端登陆','Y','2017-11-24 11:25:15','0000003471','延三',NULL,NULL,NULL,NULL,NULL,NULL,NULL),(0000002910,'0000003487','陈聪','2017-11-24 11:27:14','wxlogin.do','微信端登陆','微信端登陆成功','微信端登陆','Y','2017-11-24 11:27:15','0000003487','陈聪',NULL,NULL,NULL,NULL,NULL,NULL,NULL),(0000002911,'0000000001','系统管理员','2017-11-24 11:27:35','login.do','登陆','登陆成功','登陆','Y','2017-11-24 11:27:36','0000000001','系统管理员',NULL,NULL,NULL,NULL,NULL,NULL,NULL),(0000002912,'0000003487','陈聪','2017-11-24 11:28:04','wxlogin.do','微信端登陆','微信端登陆成功','微信端登陆','Y','2017-11-24 11:28:05','0000003487','陈聪',NULL,NULL,NULL,NULL,NULL,NULL,NULL),(0000002913,'0000003487','陈聪','2017-11-24 11:28:14','wxlogin.do','微信端登陆','微信端登陆成功','微信端登陆','Y','2017-11-24 11:28:15','0000003487','陈聪',NULL,NULL,NULL,NULL,NULL,NULL,NULL),(0000002914,'0000003487','陈聪','2017-11-24 11:30:44','wxlogin.do','微信端登陆','微信端登陆成功','微信端登陆','Y','2017-11-24 11:30:45','0000003487','陈聪',NULL,NULL,NULL,NULL,NULL,NULL,NULL),(0000002915,'0000003481','吴为','2017-11-24 13:00:18','wxlogin.do','微信端登陆','微信端登陆成功','微信端登陆','Y','2017-11-24 13:00:19','0000003481','吴为',NULL,NULL,NULL,NULL,NULL,NULL,NULL),(0000002916,'0000003475','张三','2017-11-24 13:01:47','wxlogin.do','微信端登陆','微信端登陆成功','微信端登陆','Y','2017-11-24 13:01:49','0000003475','张三',NULL,NULL,NULL,NULL,NULL,NULL,NULL),(0000002917,'0000003475','张三','2017-11-24 13:03:05','wxlogin.do','微信端登陆','微信端登陆成功','微信端登陆','Y','2017-11-24 13:03:06','0000003475','张三',NULL,NULL,NULL,NULL,NULL,NULL,NULL),(0000002918,'0000003475','张三','2017-11-24 13:36:45','wxlogin.do','微信端登陆','微信端登陆成功','微信端登陆','Y','2017-11-24 13:36:46','0000003475','张三',NULL,NULL,NULL,NULL,NULL,NULL,NULL),(0000002919,'0000003486','小张','2017-11-24 13:37:36','wxlogin.do','微信端登陆','微信端登陆成功','微信端登陆','Y','2017-11-24 13:37:37','0000003486','小张',NULL,NULL,NULL,NULL,NULL,NULL,NULL),(0000002920,'0000003486','小张','2017-11-24 14:18:39','wxlogin.do','微信端登陆','微信端登陆成功','微信端登陆','Y','2017-11-24 14:18:41','0000003486','小张',NULL,NULL,NULL,NULL,NULL,NULL,NULL),(0000002921,'0000003486','小张','2017-11-24 14:19:48','wxlogin.do','微信端登陆','微信端登陆成功','微信端登陆','Y','2017-11-24 14:19:49','0000003486','小张',NULL,NULL,NULL,NULL,NULL,NULL,NULL),(0000002922,'0000003486','小张','2017-11-24 14:19:48','wxlogin.do','微信端登陆','微信端登陆成功','微信端登陆','Y','2017-11-24 14:19:49','0000003486','小张',NULL,NULL,NULL,NULL,NULL,NULL,NULL),(0000002923,'0000003486','小张','2017-11-24 14:42:04','wxlogin.do','微信端登陆','微信端登陆成功','微信端登陆','Y','2017-11-24 14:42:06','0000003486','小张',NULL,NULL,NULL,NULL,NULL,NULL,NULL),(0000002924,'0000000001','系统管理员','2017-11-24 14:59:04','wxlogin.do','微信端登陆','微信端登陆成功','微信端登陆','Y','2017-11-24 14:59:06','0000000001','系统管理员',NULL,NULL,NULL,NULL,NULL,NULL,NULL),(0000002925,'0000000001','系统管理员','2017-11-24 15:07:57','wxlogin.do','微信端登陆','微信端登陆成功','微信端登陆','Y','2017-11-24 15:07:59','0000000001','系统管理员',NULL,NULL,NULL,NULL,NULL,NULL,NULL),(0000002926,'0000000001','系统管理员','2017-11-24 15:20:11','wxlogin.do','微信端登陆','微信端登陆成功','微信端登陆','Y','2017-11-24 15:20:12','0000000001','系统管理员',NULL,NULL,NULL,NULL,NULL,NULL,NULL),(0000002927,'0000000001','系统管理员','2017-11-24 15:31:07','wxlogin.do','微信端登陆','微信端登陆成功','微信端登陆','Y','2017-11-24 15:31:09','0000000001','系统管理员',NULL,NULL,NULL,NULL,NULL,NULL,NULL),(0000002928,'0000000001','系统管理员','2017-11-24 15:38:00','wxlogin.do','微信端登陆','微信端登陆成功','微信端登陆','Y','2017-11-24 15:38:01','0000000001','系统管理员',NULL,NULL,NULL,NULL,NULL,NULL,NULL),(0000002929,'0000000001','系统管理员','2017-11-24 15:40:39','wxlogin.do','微信端登陆','微信端登陆成功','微信端登陆','Y','2017-11-24 15:40:40','0000000001','系统管理员',NULL,NULL,NULL,NULL,NULL,NULL,NULL),(0000002930,'0000000001','系统管理员','2017-11-24 15:43:16','wxlogin.do','微信端登陆','微信端登陆成功','微信端登陆','Y','2017-11-24 15:43:18','0000000001','系统管理员',NULL,NULL,NULL,NULL,NULL,NULL,NULL),(0000002931,'0000000001','系统管理员','2017-11-24 15:51:45','wxlogin.do','微信端登陆','微信端登陆成功','微信端登陆','Y','2017-11-24 15:51:46','0000000001','系统管理员',NULL,NULL,NULL,NULL,NULL,NULL,NULL),(0000002932,'0000003486','小张','2017-11-24 15:52:06','wxlogin.do','微信端登陆','微信端登陆成功','微信端登陆','Y','2017-11-24 15:52:08','0000003486','小张',NULL,NULL,NULL,NULL,NULL,NULL,NULL),(0000002933,'0000000001','系统管理员','2017-11-24 15:53:13','wxlogin.do','微信端登陆','微信端登陆成功','微信端登陆','Y','2017-11-24 15:53:15','0000000001','系统管理员',NULL,NULL,NULL,NULL,NULL,NULL,NULL),(0000002934,'0000000001','系统管理员','2017-11-24 16:16:36','wxlogin.do','微信端登陆','微信端登陆成功','微信端登陆','Y','2017-11-24 16:16:37','0000000001','系统管理员',NULL,NULL,NULL,NULL,NULL,NULL,NULL),(0000002935,'0000000001','系统管理员','2017-11-24 16:16:48','wxlogin.do','微信端登陆','微信端登陆成功','微信端登陆','Y','2017-11-24 16:16:50','0000000001','系统管理员',NULL,NULL,NULL,NULL,NULL,NULL,NULL),(0000002936,'0000000001','系统管理员','2017-11-24 16:20:59','wxlogin.do','微信端登陆','微信端登陆成功','微信端登陆','Y','2017-11-24 16:21:01','0000000001','系统管理员',NULL,NULL,NULL,NULL,NULL,NULL,NULL),(0000002937,'0000000001','系统管理员','2017-11-24 16:25:38','wxlogin.do','微信端登陆','微信端登陆成功','微信端登陆','Y','2017-11-24 16:25:39','0000000001','系统管理员',NULL,NULL,NULL,NULL,NULL,NULL,NULL),(0000002938,'0000000001','系统管理员','2017-11-24 16:56:45','wxlogin.do','微信端登陆','微信端登陆成功','微信端登陆','Y','2017-11-24 16:56:46','0000000001','系统管理员',NULL,NULL,NULL,NULL,NULL,NULL,NULL),(0000002939,'0000000001','系统管理员','2017-11-24 17:03:43','wxlogin.do','微信端登陆','微信端登陆成功','微信端登陆','Y','2017-11-24 17:03:44','0000000001','系统管理员',NULL,NULL,NULL,NULL,NULL,NULL,NULL),(0000002940,'0000003480','胖胖','2017-11-24 17:33:40','wxlogin.do','微信端登陆','微信端登陆成功','微信端登陆','Y','2017-11-24 17:33:41','0000003480','胖胖',NULL,NULL,NULL,NULL,NULL,NULL,NULL),(0000002941,'0000003486','小张','2017-11-24 17:35:31','wxlogin.do','微信端登陆','微信端登陆成功','微信端登陆','Y','2017-11-24 17:35:32','0000003486','小张',NULL,NULL,NULL,NULL,NULL,NULL,NULL),(0000002942,'0000003481','吴为','2017-11-24 17:44:41','wxlogin.do','微信端登陆','微信端登陆成功','微信端登陆','Y','2017-11-24 17:44:43','0000003481','吴为',NULL,NULL,NULL,NULL,NULL,NULL,NULL),(0000002943,'0000003486','小张','2017-11-24 17:52:04','wxlogin.do','微信端登陆','微信端登陆成功','微信端登陆','Y','2017-11-24 17:52:06','0000003486','小张',NULL,NULL,NULL,NULL,NULL,NULL,NULL),(0000002944,'0000003489','王思聪','2017-11-24 17:53:07','wxlogin.do','微信端登陆','微信端登陆成功','微信端登陆','Y','2017-11-24 17:53:08','0000003489','王思聪',NULL,NULL,NULL,NULL,NULL,NULL,NULL),(0000002945,'0000003489','王思聪','2017-11-24 17:55:16','wxlogin.do','微信端登陆','微信端登陆成功','微信端登陆','Y','2017-11-24 17:55:18','0000003489','王思聪',NULL,NULL,NULL,NULL,NULL,NULL,NULL),(0000002946,'0000003490','采购员','2017-11-24 17:56:59','wxlogin.do','微信端登陆','微信端登陆成功','微信端登陆','Y','2017-11-24 17:57:00','0000003490','采购员',NULL,NULL,NULL,NULL,NULL,NULL,NULL),(0000002947,'0000003490','采购员','2017-11-24 17:57:56','wxlogin.do','微信端登陆','微信端登陆成功','微信端登陆','Y','2017-11-24 17:57:58','0000003490','采购员',NULL,NULL,NULL,NULL,NULL,NULL,NULL),(0000002948,'0000003488','毛不易','2017-11-24 17:58:14','wxlogin.do','微信端登陆','微信端登陆成功','微信端登陆','Y','2017-11-24 17:58:16','0000003488','毛不易',NULL,NULL,NULL,NULL,NULL,NULL,NULL),(0000002949,'0000003488','毛不易','2017-11-24 17:58:52','wxlogin.do','微信端登陆','微信端登陆成功','微信端登陆','Y','2017-11-24 17:58:53','0000003488','毛不易',NULL,NULL,NULL,NULL,NULL,NULL,NULL),(0000002950,'0000003488','毛不易','2017-11-24 18:27:05','wxlogin.do','微信端登陆','微信端登陆成功','微信端登陆','Y','2017-11-24 18:27:07','0000003488','毛不易',NULL,NULL,NULL,NULL,NULL,NULL,NULL),(0000002951,'0000003488','毛不易','2017-11-24 18:27:47','wxlogin.do','微信端登陆','微信端登陆成功','微信端登陆','Y','2017-11-24 18:27:48','0000003488','毛不易',NULL,NULL,NULL,NULL,NULL,NULL,NULL),(0000002952,'0000003488','毛不易','2017-11-24 18:28:03','wxlogin.do','微信端登陆','微信端登陆成功','微信端登陆','Y','2017-11-24 18:28:04','0000003488','毛不易',NULL,NULL,NULL,NULL,NULL,NULL,NULL),(0000002953,'0000003486','小张','2017-11-24 18:28:54','wxlogin.do','微信端登陆','微信端登陆成功','微信端登陆','Y','2017-11-24 18:28:56','0000003486','小张',NULL,NULL,NULL,NULL,NULL,NULL,NULL),(0000002954,'0000003490','采购员','2017-11-24 18:29:12','wxlogin.do','微信端登陆','微信端登陆成功','微信端登陆','Y','2017-11-24 18:29:13','0000003490','采购员',NULL,NULL,NULL,NULL,NULL,NULL,NULL),(0000002955,'0000003486','小张','2017-11-24 18:29:27','wxlogin.do','微信端登陆','微信端登陆成功','微信端登陆','Y','2017-11-24 18:29:29','0000003486','小张',NULL,NULL,NULL,NULL,NULL,NULL,NULL),(0000002956,'0000003488','毛不易','2017-11-24 18:29:36','wxlogin.do','微信端登陆','微信端登陆成功','微信端登陆','Y','2017-11-24 18:29:37','0000003488','毛不易',NULL,NULL,NULL,NULL,NULL,NULL,NULL),(0000002957,'0000000001','系统管理员','2017-11-25 10:02:07','login.do','登陆','登陆成功','登陆','Y','2017-11-25 10:02:08','0000000001','系统管理员',NULL,NULL,NULL,NULL,NULL,NULL,NULL),(0000002958,'0000000001','系统管理员','2017-11-25 11:13:29','login.do','登陆','登陆成功','登陆','Y','2017-11-25 11:13:30','0000000001','系统管理员',NULL,NULL,NULL,NULL,NULL,NULL,NULL),(0000002959,'0000000001','系统管理员','2017-11-25 11:13:38','wxlogin.do','微信端登陆','微信端登陆成功','微信端登陆','Y','2017-11-25 11:13:38','0000000001','系统管理员',NULL,NULL,NULL,NULL,NULL,NULL,NULL),(0000002960,'0000000001','系统管理员','2017-11-25 11:47:10','wxlogin.do','微信端登陆','微信端登陆成功','微信端登陆','Y','2017-11-25 11:47:11','0000000001','系统管理员',NULL,NULL,NULL,NULL,NULL,NULL,NULL),(0000002961,'0000000001','系统管理员','2017-11-25 15:01:40','wxlogin.do','微信端登陆','微信端登陆成功','微信端登陆','Y','2017-11-25 15:01:42','0000000001','系统管理员',NULL,NULL,NULL,NULL,NULL,NULL,NULL),(0000002962,'0000000001','系统管理员','2017-11-25 19:31:57','wxlogin.do','微信端登陆','微信端登陆成功','微信端登陆','Y','2017-11-25 19:31:59','0000000001','系统管理员',NULL,NULL,NULL,NULL,NULL,NULL,NULL),(0000002963,'0000000001','系统管理员','2017-11-25 19:54:26','wxlogin.do','微信端登陆','微信端登陆成功','微信端登陆','Y','2017-11-25 19:54:28','0000000001','系统管理员',NULL,NULL,NULL,NULL,NULL,NULL,NULL),(0000002964,'0000000001','系统管理员','2017-11-27 09:05:26','wxlogin.do','微信端登陆','微信端登陆成功','微信端登陆','Y','2017-11-27 09:05:30','0000000001','系统管理员',NULL,NULL,NULL,NULL,NULL,NULL,NULL),(0000002965,'0000000001','系统管理员','2017-11-27 09:18:44','wxlogin.do','微信端登陆','微信端登陆成功','微信端登陆','Y','2017-11-27 09:18:48','0000000001','系统管理员',NULL,NULL,NULL,NULL,NULL,NULL,NULL),(0000002966,'0000000001','系统管理员','2017-11-27 09:24:07','wxlogin.do','微信端登陆','微信端登陆成功','微信端登陆','Y','2017-11-27 09:24:11','0000000001','系统管理员',NULL,NULL,NULL,NULL,NULL,NULL,NULL),(0000002967,'0000000001','系统管理员','2017-11-27 09:29:07','wxlogin.do','微信端登陆','微信端登陆成功','微信端登陆','Y','2017-11-27 09:29:11','0000000001','系统管理员',NULL,NULL,NULL,NULL,NULL,NULL,NULL),(0000002968,'0000000001','系统管理员','2017-11-27 10:02:21','wxlogin.do','微信端登陆','微信端登陆成功','微信端登陆','Y','2017-11-27 10:02:25','0000000001','系统管理员',NULL,NULL,NULL,NULL,NULL,NULL,NULL),(0000002969,'0000000001','系统管理员','2017-11-27 10:34:19','wxlogin.do','微信端登陆','微信端登陆成功','微信端登陆','Y','2017-11-27 10:34:23','0000000001','系统管理员',NULL,NULL,NULL,NULL,NULL,NULL,NULL),(0000002970,'0000000001','系统管理员','2017-11-27 10:37:32','wxlogin.do','微信端登陆','微信端登陆成功','微信端登陆','Y','2017-11-27 10:37:37','0000000001','系统管理员',NULL,NULL,NULL,NULL,NULL,NULL,NULL),(0000002971,'0000000001','系统管理员','2017-11-27 11:05:10','wxlogin.do','微信端登陆','微信端登陆成功','微信端登陆','Y','2017-11-27 11:05:14','0000000001','系统管理员',NULL,NULL,NULL,NULL,NULL,NULL,NULL),(0000002972,'0000000001','系统管理员','2017-11-27 11:28:41','wxlogin.do','微信端登陆','微信端登陆成功','微信端登陆','Y','2017-11-27 11:28:45','0000000001','系统管理员',NULL,NULL,NULL,NULL,NULL,NULL,NULL),(0000002973,'0000000001','系统管理员','2017-11-27 12:42:00','wxlogin.do','微信端登陆','微信端登陆成功','微信端登陆','Y','2017-11-27 12:42:04','0000000001','系统管理员',NULL,NULL,NULL,NULL,NULL,NULL,NULL),(0000002974,'0000000001','系统管理员','2017-11-27 13:45:26','wxlogin.do','微信端登陆','微信端登陆成功','微信端登陆','Y','2017-11-27 13:45:27','0000000001','系统管理员',NULL,NULL,NULL,NULL,NULL,NULL,NULL),(0000002975,'0000000001','系统管理员','2017-11-27 13:46:02','wxlogin.do','微信端登陆','微信端登陆成功','微信端登陆','Y','2017-11-27 13:46:02','0000000001','系统管理员',NULL,NULL,NULL,NULL,NULL,NULL,NULL),(0000002976,'0000000001','系统管理员','2017-11-27 13:48:34','login.do','登陆','登陆成功','登陆','Y','2017-11-27 13:48:34','0000000001','系统管理员',NULL,NULL,NULL,NULL,NULL,NULL,NULL),(0000002977,'0000000001','系统管理员','2017-11-27 13:53:25','login.do','登陆','登陆成功','登陆','Y','2017-11-27 13:53:25','0000000001','系统管理员',NULL,NULL,NULL,NULL,NULL,NULL,NULL),(0000002978,'0000000001','系统管理员','2017-11-27 14:03:54','login.do','登陆','登陆成功','登陆','Y','2017-11-27 14:03:54','0000000001','系统管理员',NULL,NULL,NULL,NULL,NULL,NULL,NULL),(0000002979,'0000003493','外协经理','2017-11-27 14:04:23','wxlogin.do','微信端登陆','微信端登陆成功','微信端登陆','Y','2017-11-27 14:04:23','0000003493','外协经理',NULL,NULL,NULL,NULL,NULL,NULL,NULL),(0000002980,'0000000001','系统管理员','2017-11-27 14:12:22','login.do','登陆','登陆成功','登陆','Y','2017-11-27 14:12:22','0000000001','系统管理员',NULL,NULL,NULL,NULL,NULL,NULL,NULL),(0000002981,'0000003493','外协经理','2017-11-27 14:18:17','wxlogin.do','微信端登陆','微信端登陆成功','微信端登陆','Y','2017-11-27 14:18:17','0000003493','外协经理',NULL,NULL,NULL,NULL,NULL,NULL,NULL),(0000002982,'0000003494','采购经理','2017-11-27 14:27:01','wxlogin.do','微信端登陆','微信端登陆成功','微信端登陆','Y','2017-11-27 14:27:01','0000003494','采购经理',NULL,NULL,NULL,NULL,NULL,NULL,NULL),(0000002983,'0000000001','系统管理员','2017-11-27 14:29:40','login.do','登陆','登陆成功','登陆','Y','2017-11-27 14:29:40','0000000001','系统管理员',NULL,NULL,NULL,NULL,NULL,NULL,NULL),(0000002984,'0000000001','系统管理员','2017-11-27 14:30:08','login.do','登陆','登陆成功','登陆','Y','2017-11-27 14:30:08','0000000001','系统管理员',NULL,NULL,NULL,NULL,NULL,NULL,NULL),(0000002985,'0000000001','系统管理员','2017-11-27 14:31:19','login.do','登陆','登陆成功','登陆','Y','2017-11-27 14:31:19','0000000001','系统管理员',NULL,NULL,NULL,NULL,NULL,NULL,NULL),(0000002986,'0000003493','外协经理','2017-11-27 14:34:39','wxlogin.do','微信端登陆','微信端登陆成功','微信端登陆','Y','2017-11-27 14:34:39','0000003493','外协经理',NULL,NULL,NULL,NULL,NULL,NULL,NULL),(0000002987,'0000000001','系统管理员','2017-11-27 14:39:47','wxlogin.do','微信端登陆','微信端登陆成功','微信端登陆','Y','2017-11-27 14:39:47','0000000001','系统管理员',NULL,NULL,NULL,NULL,NULL,NULL,NULL),(0000002988,'0000003494','采购经理','2017-11-27 14:41:25','wxlogin.do','微信端登陆','微信端登陆成功','微信端登陆','Y','2017-11-27 14:41:25','0000003494','采购经理',NULL,NULL,NULL,NULL,NULL,NULL,NULL),(0000002989,'0000000001','系统管理员','2017-11-27 14:46:35','wxlogin.do','微信端登陆','微信端登陆成功','微信端登陆','Y','2017-11-27 14:46:35','0000000001','系统管理员',NULL,NULL,NULL,NULL,NULL,NULL,NULL),(0000002990,'0000000001','系统管理员','2017-11-27 14:53:34','login.do','登陆','登陆成功','登陆','Y','2017-11-27 14:53:34','0000000001','系统管理员',NULL,NULL,NULL,NULL,NULL,NULL,NULL),(0000002991,'0000003481','吴为','2017-11-27 14:56:42','wxlogin.do','微信端登陆','微信端登陆成功','微信端登陆','Y','2017-11-27 14:56:42','0000003481','吴为',NULL,NULL,NULL,NULL,NULL,NULL,NULL),(0000002992,'0000000001','系统管理员','2017-11-27 14:56:48','wxlogin.do','微信端登陆','微信端登陆成功','微信端登陆','Y','2017-11-27 14:56:48','0000000001','系统管理员',NULL,NULL,NULL,NULL,NULL,NULL,NULL),(0000002993,'0000003496','采购员','2017-11-27 14:57:31','wxlogin.do','微信端登陆','微信端登陆成功','微信端登陆','Y','2017-11-27 14:57:31','0000003496','采购员',NULL,NULL,NULL,NULL,NULL,NULL,NULL),(0000002994,'0000003493','外协经理','2017-11-27 14:59:53','wxlogin.do','微信端登陆','微信端登陆成功','微信端登陆','Y','2017-11-27 14:59:53','0000003493','外协经理',NULL,NULL,NULL,NULL,NULL,NULL,NULL),(0000002995,'0000003492','外协经理','2017-11-27 15:03:39','wxlogin.do','微信端登陆','微信端登陆成功','微信端登陆','Y','2017-11-27 15:03:39','0000003492','外协经理',NULL,NULL,NULL,NULL,NULL,NULL,NULL),(0000002996,'0000003493','外协经理','2017-11-27 15:04:06','wxlogin.do','微信端登陆','微信端登陆成功','微信端登陆','Y','2017-11-27 15:04:06','0000003493','外协经理',NULL,NULL,NULL,NULL,NULL,NULL,NULL),(0000002997,'0000003493','外协经理','2017-11-27 15:04:17','wxlogin.do','微信端登陆','微信端登陆成功','微信端登陆','Y','2017-11-27 15:04:17','0000003493','外协经理',NULL,NULL,NULL,NULL,NULL,NULL,NULL),(0000002998,'0000003494','采购经理','2017-11-27 15:04:28','wxlogin.do','微信端登陆','微信端登陆成功','微信端登陆','Y','2017-11-27 15:04:28','0000003494','采购经理',NULL,NULL,NULL,NULL,NULL,NULL,NULL),(0000002999,'0000003494','采购经理','2017-11-27 15:09:12','wxlogin.do','微信端登陆','微信端登陆成功','微信端登陆','Y','2017-11-27 15:09:12','0000003494','采购经理',NULL,NULL,NULL,NULL,NULL,NULL,NULL),(0000003000,'0000000001','系统管理员','2017-11-27 15:10:17','login.do','登陆','登陆成功','登陆','Y','2017-11-27 15:10:17','0000000001','系统管理员',NULL,NULL,NULL,NULL,NULL,NULL,NULL),(0000003001,'0000003498','核价经理','2017-11-27 15:11:29','wxlogin.do','微信端登陆','微信端登陆成功','微信端登陆','Y','2017-11-27 15:11:29','0000003498','核价经理',NULL,NULL,NULL,NULL,NULL,NULL,NULL),(0000003002,'0000003495','检验经理','2017-11-27 15:16:22','wxlogin.do','微信端登陆','微信端登陆成功','微信端登陆','Y','2017-11-27 15:16:22','0000003495','检验经理',NULL,NULL,NULL,NULL,NULL,NULL,NULL),(0000003003,'0000003497','检验员','2017-11-27 15:18:08','wxlogin.do','微信端登陆','微信端登陆成功','微信端登陆','Y','2017-11-27 15:18:08','0000003497','检验员',NULL,NULL,NULL,NULL,NULL,NULL,NULL),(0000003004,'0000003494','采购经理','2017-11-27 15:19:55','wxlogin.do','微信端登陆','微信端登陆成功','微信端登陆','Y','2017-11-27 15:19:55','0000003494','采购经理',NULL,NULL,NULL,NULL,NULL,NULL,NULL),(0000003005,'0000000001','系统管理员','2017-11-27 15:20:45','wxlogin.do','微信端登陆','微信端登陆成功','微信端登陆','Y','2017-11-27 15:20:45','0000000001','系统管理员',NULL,NULL,NULL,NULL,NULL,NULL,NULL),(0000003006,'0000000001','系统管理员','2017-11-27 15:21:21','wxlogin.do','微信端登陆','微信端登陆成功','微信端登陆','Y','2017-11-27 15:21:21','0000000001','系统管理员',NULL,NULL,NULL,NULL,NULL,NULL,NULL),(0000003007,'0000000001','系统管理员','2017-11-27 15:22:12','wxlogin.do','微信端登陆','微信端登陆成功','微信端登陆','Y','2017-11-27 15:22:12','0000000001','系统管理员',NULL,NULL,NULL,NULL,NULL,NULL,NULL),(0000003008,'0000000001','系统管理员','2017-11-27 15:24:57','login.do','登陆','登陆成功','登陆','Y','2017-11-27 15:24:57','0000000001','系统管理员',NULL,NULL,NULL,NULL,NULL,NULL,NULL),(0000003009,'0000000001','系统管理员','2017-11-27 15:43:11','login.do','登陆','登陆成功','登陆','Y','2017-11-27 15:43:11','0000000001','系统管理员',NULL,NULL,NULL,NULL,NULL,NULL,NULL),(0000003010,'0000003493','外协经理','2017-11-27 15:45:48','wxlogin.do','微信端登陆','微信端登陆成功','微信端登陆','Y','2017-11-27 15:45:48','0000003493','外协经理',NULL,NULL,NULL,NULL,NULL,NULL,NULL),(0000003011,'0000003494','采购经理','2017-11-27 15:48:10','wxlogin.do','微信端登陆','微信端登陆成功','微信端登陆','Y','2017-11-27 15:48:10','0000003494','采购经理',NULL,NULL,NULL,NULL,NULL,NULL,NULL),(0000003012,'0000003493','外协经理','2017-11-27 16:02:09','wxlogin.do','微信端登陆','微信端登陆成功','微信端登陆','Y','2017-11-27 16:02:09','0000003493','外协经理',NULL,NULL,NULL,NULL,NULL,NULL,NULL),(0000003013,'0000000001','系统管理员','2017-11-27 16:07:08','wxlogin.do','微信端登陆','微信端登陆成功','微信端登陆','Y','2017-11-27 16:07:08','0000000001','系统管理员',NULL,NULL,NULL,NULL,NULL,NULL,NULL),(0000003014,'0000000001','系统管理员','2017-11-27 16:22:10','wxlogin.do','微信端登陆','微信端登陆成功','微信端登陆','Y','2017-11-27 16:22:10','0000000001','系统管理员',NULL,NULL,NULL,NULL,NULL,NULL,NULL),(0000003015,'0000000001','系统管理员','2017-11-27 16:22:11','wxlogin.do','微信端登陆','微信端登陆成功','微信端登陆','Y','2017-11-27 16:22:11','0000000001','系统管理员',NULL,NULL,NULL,NULL,NULL,NULL,NULL),(0000003016,'0000000001','系统管理员','2017-11-27 16:22:40','wxlogin.do','微信端登陆','微信端登陆成功','微信端登陆','Y','2017-11-27 16:22:40','0000000001','系统管理员',NULL,NULL,NULL,NULL,NULL,NULL,NULL),(0000003017,'0000003493','外协经理','2017-11-27 16:33:30','wxlogin.do','微信端登陆','微信端登陆成功','微信端登陆','Y','2017-11-27 16:33:30','0000003493','外协经理',NULL,NULL,NULL,NULL,NULL,NULL,NULL),(0000003018,'0000000001','系统管理员','2017-11-27 16:35:37','login.do','登陆','登陆成功','登陆','Y','2017-11-27 16:35:37','0000000001','系统管理员',NULL,NULL,NULL,NULL,NULL,NULL,NULL),(0000003019,'0000003494','采购经理','2017-11-27 16:36:40','wxlogin.do','微信端登陆','微信端登陆成功','微信端登陆','Y','2017-11-27 16:36:40','0000003494','采购经理',NULL,NULL,NULL,NULL,NULL,NULL,NULL),(0000003020,'0000003493','外协经理','2017-11-27 16:36:51','wxlogin.do','微信端登陆','微信端登陆成功','微信端登陆','Y','2017-11-27 16:36:51','0000003493','外协经理',NULL,NULL,NULL,NULL,NULL,NULL,NULL),(0000003021,'0000003495','检验经理','2017-11-27 16:37:18','wxlogin.do','微信端登陆','微信端登陆成功','微信端登陆','Y','2017-11-27 16:37:18','0000003495','检验经理',NULL,NULL,NULL,NULL,NULL,NULL,NULL),(0000003022,'0000003496','采购员','2017-11-27 16:37:29','wxlogin.do','微信端登陆','微信端登陆成功','微信端登陆','Y','2017-11-27 16:37:29','0000003496','采购员',NULL,NULL,NULL,NULL,NULL,NULL,NULL),(0000003023,'0000003493','外协经理','2017-11-27 16:38:22','wxlogin.do','微信端登陆','微信端登陆成功','微信端登陆','Y','2017-11-27 16:38:22','0000003493','外协经理',NULL,NULL,NULL,NULL,NULL,NULL,NULL),(0000003024,'0000003494','采购经理','2017-11-27 16:39:04','wxlogin.do','微信端登陆','微信端登陆成功','微信端登陆','Y','2017-11-27 16:39:04','0000003494','采购经理',NULL,NULL,NULL,NULL,NULL,NULL,NULL),(0000003025,'0000003493','外协经理','2017-11-27 16:40:26','wxlogin.do','微信端登陆','微信端登陆成功','微信端登陆','Y','2017-11-27 16:40:26','0000003493','外协经理',NULL,NULL,NULL,NULL,NULL,NULL,NULL),(0000003026,'0000003493','外协经理','2017-11-27 16:41:17','wxlogin.do','微信端登陆','微信端登陆成功','微信端登陆','Y','2017-11-27 16:41:17','0000003493','外协经理',NULL,NULL,NULL,NULL,NULL,NULL,NULL),(0000003027,'0000003494','采购经理','2017-11-27 16:42:03','wxlogin.do','微信端登陆','微信端登陆成功','微信端登陆','Y','2017-11-27 16:42:03','0000003494','采购经理',NULL,NULL,NULL,NULL,NULL,NULL,NULL),(0000003028,'0000003493','外协经理','2017-11-27 16:44:33','wxlogin.do','微信端登陆','微信端登陆成功','微信端登陆','Y','2017-11-27 16:44:33','0000003493','外协经理',NULL,NULL,NULL,NULL,NULL,NULL,NULL),(0000003029,'0000003493','外协经理','2017-11-27 16:44:53','wxlogin.do','微信端登陆','微信端登陆成功','微信端登陆','Y','2017-11-27 16:44:53','0000003493','外协经理',NULL,NULL,NULL,NULL,NULL,NULL,NULL),(0000003030,'0000003494','采购经理','2017-11-27 16:44:58','wxlogin.do','微信端登陆','微信端登陆成功','微信端登陆','Y','2017-11-27 16:44:58','0000003494','采购经理',NULL,NULL,NULL,NULL,NULL,NULL,NULL),(0000003031,'0000003494','采购经理','2017-11-27 16:49:54','wxlogin.do','微信端登陆','微信端登陆成功','微信端登陆','Y','2017-11-27 16:49:54','0000003494','采购经理',NULL,NULL,NULL,NULL,NULL,NULL,NULL),(0000003032,'0000000001','系统管理员','2017-11-27 16:53:23','login.do','登陆','登陆成功','登陆','Y','2017-11-27 16:53:23','0000000001','系统管理员',NULL,NULL,NULL,NULL,NULL,NULL,NULL),(0000003033,'0000003493','外协经理','2017-11-27 16:54:03','wxlogin.do','微信端登陆','微信端登陆成功','微信端登陆','Y','2017-11-27 16:54:03','0000003493','外协经理',NULL,NULL,NULL,NULL,NULL,NULL,NULL),(0000003034,'0000000001','系统管理员','2017-11-27 16:55:17','wxlogin.do','微信端登陆','微信端登陆成功','微信端登陆','Y','2017-11-27 16:55:17','0000000001','系统管理员',NULL,NULL,NULL,NULL,NULL,NULL,NULL),(0000003035,'0000000001','系统管理员','2017-11-27 16:56:12','wxlogin.do','微信端登陆','微信端登陆成功','微信端登陆','Y','2017-11-27 16:56:12','0000000001','系统管理员',NULL,NULL,NULL,NULL,NULL,NULL,NULL),(0000003036,'0000000001','系统管理员','2017-11-27 16:56:24','wxlogin.do','微信端登陆','微信端登陆成功','微信端登陆','Y','2017-11-27 16:56:24','0000000001','系统管理员',NULL,NULL,NULL,NULL,NULL,NULL,NULL),(0000003037,'0000003494','采购经理','2017-11-27 17:06:15','wxlogin.do','微信端登陆','微信端登陆成功','微信端登陆','Y','2017-11-27 17:06:15','0000003494','采购经理',NULL,NULL,NULL,NULL,NULL,NULL,NULL),(0000003038,'0000003495','检验经理','2017-11-27 17:06:37','wxlogin.do','微信端登陆','微信端登陆成功','微信端登陆','Y','2017-11-27 17:06:37','0000003495','检验经理',NULL,NULL,NULL,NULL,NULL,NULL,NULL),(0000003039,'0000003493','外协经理','2017-11-27 17:07:32','wxlogin.do','微信端登陆','微信端登陆成功','微信端登陆','Y','2017-11-27 17:07:32','0000003493','外协经理',NULL,NULL,NULL,NULL,NULL,NULL,NULL),(0000003040,'0000003493','外协经理','2017-11-27 17:08:27','wxlogin.do','微信端登陆','微信端登陆成功','微信端登陆','Y','2017-11-27 17:08:27','0000003493','外协经理',NULL,NULL,NULL,NULL,NULL,NULL,NULL),(0000003462,'0000003511','刘备（外协经理）','2018-01-02 14:45:00','wxlogin.do','微信端登陆','微信端登陆成功','微信端登陆','Y','2018-01-02 14:45:00','0000003511','刘备（外协经理）',NULL,NULL,NULL,NULL,NULL,NULL,NULL),(0000003463,'0000003516','曹操（核价经理）','2018-01-02 14:49:25','wxlogin.do','微信端登陆','微信端登陆成功','微信端登陆','Y','2018-01-02 14:49:25','0000003516','曹操（核价经理）',NULL,NULL,NULL,NULL,NULL,NULL,NULL),(0000003464,'0000003512','张飞（采购经理）','2018-01-02 14:49:55','wxlogin.do','微信端登陆','微信端登陆成功','微信端登陆','Y','2018-01-02 14:49:55','0000003512','张飞（采购经理）',NULL,NULL,NULL,NULL,NULL,NULL,NULL),(0000003465,'0000000001','系统管理员','2018-01-02 14:50:27','login.do','登陆','登陆成功','登陆','Y','2018-01-02 14:50:27','0000000001','系统管理员',NULL,NULL,NULL,NULL,NULL,NULL,NULL),(0000003466,'0000003511','刘备（外协经理）','2018-01-02 14:51:16','wxlogin.do','微信端登陆','微信端登陆成功','微信端登陆','Y','2018-01-02 14:51:16','0000003511','刘备（外协经理）',NULL,NULL,NULL,NULL,NULL,NULL,NULL),(0000003467,'0000000001','系统管理员','2018-01-02 14:51:41','wxlogin.do','微信端登陆','微信端登陆成功','微信端登陆','Y','2018-01-02 14:51:41','0000000001','系统管理员',NULL,NULL,NULL,NULL,NULL,NULL,NULL),(0000003468,'0000003511','刘备（外协经理）','2018-01-02 14:52:18','login.do','登陆','登陆成功','登陆','Y','2018-01-02 14:52:18','0000003511','刘备（外协经理）',NULL,NULL,NULL,NULL,NULL,NULL,NULL),(0000003469,'0000000001','系统管理员','2018-01-02 14:52:42','login.do','登陆','登陆成功','登陆','Y','2018-01-02 14:52:42','0000000001','系统管理员',NULL,NULL,NULL,NULL,NULL,NULL,NULL),(0000003470,'0000000001','系统管理员','2018-01-02 14:55:17','login.do','登陆','登陆成功','登陆','Y','2018-01-02 14:55:18','0000000001','系统管理员',NULL,NULL,NULL,NULL,NULL,NULL,NULL),(0000003471,'0000003511','刘备（外协经理）','2018-01-02 14:55:45','wxlogin.do','微信端登陆','微信端登陆成功','微信端登陆','Y','2018-01-02 14:55:46','0000003511','刘备（外协经理）',NULL,NULL,NULL,NULL,NULL,NULL,NULL),(0000003472,'0000003511','刘备（外协经理）','2018-01-02 14:58:05','wxlogin.do','微信端登陆','微信端登陆成功','微信端登陆','Y','2018-01-02 14:58:05','0000003511','刘备（外协经理）',NULL,NULL,NULL,NULL,NULL,NULL,NULL),(0000003473,'0000000001','系统管理员','2018-01-02 15:01:31','login.do','登陆','登陆成功','登陆','Y','2018-01-02 15:01:31','0000000001','系统管理员',NULL,NULL,NULL,NULL,NULL,NULL,NULL),(0000003474,'0000003511','刘备（外协经理）','2018-01-02 15:06:41','wxlogin.do','微信端登陆','微信端登陆成功','微信端登陆','Y','2018-01-02 15:06:41','0000003511','刘备（外协经理）',NULL,NULL,NULL,NULL,NULL,NULL,NULL),(0000003475,'0000000001','系统管理员','2018-01-02 15:11:27','login.do','登陆','登陆成功','登陆','Y','2018-01-02 15:11:29','0000000001','系统管理员',NULL,NULL,NULL,NULL,NULL,NULL,NULL),(0000003476,'0000003511','刘备（外协经理）','2018-01-02 15:11:41','wxlogin.do','微信端登陆','微信端登陆成功','微信端登陆','Y','2018-01-02 15:11:43','0000003511','刘备（外协经理）',NULL,NULL,NULL,NULL,NULL,NULL,NULL),(0000003477,'0000003516','曹操（核价经理）','2018-01-02 15:16:51','wxlogin.do','微信端登陆','微信端登陆成功','微信端登陆','Y','2018-01-02 15:16:51','0000003516','曹操（核价经理）',NULL,NULL,NULL,NULL,NULL,NULL,NULL),(0000003478,'0000003512','张飞（采购经理）','2018-01-02 15:30:35','wxlogin.do','微信端登陆','微信端登陆成功','微信端登陆','Y','2018-01-02 15:30:35','0000003512','张飞（采购经理）',NULL,NULL,NULL,NULL,NULL,NULL,NULL),(0000003479,'0000003511','刘备（外协经理）','2018-01-02 15:31:16','wxlogin.do','微信端登陆','微信端登陆成功','微信端登陆','Y','2018-01-02 15:31:16','0000003511','刘备（外协经理）',NULL,NULL,NULL,NULL,NULL,NULL,NULL),(0000003480,'0000003514','小乔（采购员）','2018-01-02 15:32:31','wxlogin.do','微信端登陆','微信端登陆成功','微信端登陆','Y','2018-01-02 15:32:31','0000003514','小乔（采购员）',NULL,NULL,NULL,NULL,NULL,NULL,NULL),(0000003481,'0000003516','曹操（核价经理）','2018-01-02 15:46:27','wxlogin.do','微信端登陆','微信端登陆成功','微信端登陆','Y','2018-01-02 15:46:27','0000003516','曹操（核价经理）',NULL,NULL,NULL,NULL,NULL,NULL,NULL),(0000003482,'0000003513','关羽（检验经理）','2018-01-02 15:47:22','wxlogin.do','微信端登陆','微信端登陆成功','微信端登陆','Y','2018-01-02 15:47:22','0000003513','关羽（检验经理）',NULL,NULL,NULL,NULL,NULL,NULL,NULL),(0000003483,'0000003515','貂蝉（检验员）','2018-01-02 15:51:47','wxlogin.do','微信端登陆','微信端登陆成功','微信端登陆','Y','2018-01-02 15:51:47','0000003515','貂蝉（检验员）',NULL,NULL,NULL,NULL,NULL,NULL,NULL),(0000003484,'0000003516','曹操（核价经理）','2018-01-02 16:03:43','wxlogin.do','微信端登陆','微信端登陆成功','微信端登陆','Y','2018-01-02 16:03:43','0000003516','曹操（核价经理）',NULL,NULL,NULL,NULL,NULL,NULL,NULL),(0000003485,'0000003513','关羽（检验经理）','2018-01-02 16:04:46','wxlogin.do','微信端登陆','微信端登陆成功','微信端登陆','Y','2018-01-02 16:04:46','0000003513','关羽（检验经理）',NULL,NULL,NULL,NULL,NULL,NULL,NULL),(0000003486,'0000003515','貂蝉（检验员）','2018-01-02 16:05:31','wxlogin.do','微信端登陆','微信端登陆成功','微信端登陆','Y','2018-01-02 16:05:31','0000003515','貂蝉（检验员）',NULL,NULL,NULL,NULL,NULL,NULL,NULL),(0000003487,'0000000001','系统管理员','2018-01-02 16:09:29','wxlogin.do','微信端登陆','微信端登陆成功','微信端登陆','Y','2018-01-02 16:09:29','0000000001','系统管理员',NULL,NULL,NULL,NULL,NULL,NULL,NULL),(0000003488,'0000000001','系统管理员','2018-01-02 16:12:33','wxlogin.do','微信端登陆','微信端登陆成功','微信端登陆','Y','2018-01-02 16:12:33','0000000001','系统管理员',NULL,NULL,NULL,NULL,NULL,NULL,NULL),(0000003489,'0000003512','张飞（采购经理）','2018-01-02 16:14:38','wxlogin.do','微信端登陆','微信端登陆成功','微信端登陆','Y','2018-01-02 16:14:38','0000003512','张飞（采购经理）',NULL,NULL,NULL,NULL,NULL,NULL,NULL),(0000003490,'0000003513','关羽（检验经理）','2018-01-02 16:18:12','login.do','登陆','登陆成功','登陆','Y','2018-01-02 16:18:12','0000003513','关羽（检验经理）',NULL,NULL,NULL,NULL,NULL,NULL,NULL),(0000003491,'0000003512','张飞（采购经理）','2018-01-02 16:18:37','login.do','登陆','登陆成功','登陆','Y','2018-01-02 16:18:37','0000003512','张飞（采购经理）',NULL,NULL,NULL,NULL,NULL,NULL,NULL),(0000003492,'0000003514','小乔（采购员）','2018-01-02 16:19:29','login.do','登陆','登陆成功','登陆','Y','2018-01-02 16:19:29','0000003514','小乔（采购员）',NULL,NULL,NULL,NULL,NULL,NULL,NULL),(0000003493,'0000003516','曹操（核价经理）','2018-01-02 16:21:05','wxlogin.do','微信端登陆','微信端登陆成功','微信端登陆','Y','2018-01-02 16:21:05','0000003516','曹操（核价经理）',NULL,NULL,NULL,NULL,NULL,NULL,NULL),(0000003494,'0000000001','系统管理员','2018-01-02 16:21:47','wxlogin.do','微信端登陆','微信端登陆成功','微信端登陆','Y','2018-01-02 16:21:47','0000000001','系统管理员',NULL,NULL,NULL,NULL,NULL,NULL,NULL),(0000003495,'0000003513','关羽（检验经理）','2018-01-02 16:22:35','wxlogin.do','微信端登陆','微信端登陆成功','微信端登陆','Y','2018-01-02 16:22:35','0000003513','关羽（检验经理）',NULL,NULL,NULL,NULL,NULL,NULL,NULL),(0000003496,'0000003515','貂蝉（检验员）','2018-01-02 16:23:58','wxlogin.do','微信端登陆','微信端登陆成功','微信端登陆','Y','2018-01-02 16:23:58','0000003515','貂蝉（检验员）',NULL,NULL,NULL,NULL,NULL,NULL,NULL),(0000003497,'0000003516','曹操（核价经理）','2018-01-02 16:27:15','wxlogin.do','微信端登陆','微信端登陆成功','微信端登陆','Y','2018-01-02 16:27:15','0000003516','曹操（核价经理）',NULL,NULL,NULL,NULL,NULL,NULL,NULL),(0000003498,'0000000001','系统管理员','2018-01-02 16:29:38','login.do','登陆','登陆成功','登陆','Y','2018-01-02 16:29:38','0000000001','系统管理员',NULL,NULL,NULL,NULL,NULL,NULL,NULL),(0000003499,'0000003515','貂蝉（检验员）','2018-01-02 16:38:24','wxlogin.do','微信端登陆','微信端登陆成功','微信端登陆','Y','2018-01-02 16:38:24','0000003515','貂蝉（检验员）',NULL,NULL,NULL,NULL,NULL,NULL,NULL),(0000003500,'0000000001','系统管理员','2018-01-02 16:39:51','login.do','登陆','登陆成功','登陆','Y','2018-01-02 16:39:51','0000000001','系统管理员',NULL,NULL,NULL,NULL,NULL,NULL,NULL),(0000003501,'0000003516','曹操（核价经理）','2018-01-02 16:48:04','wxlogin.do','微信端登陆','微信端登陆成功','微信端登陆','Y','2018-01-02 16:48:04','0000003516','曹操（核价经理）',NULL,NULL,NULL,NULL,NULL,NULL,NULL),(0000003502,'0000003511','刘备（外协经理）','2018-01-02 16:48:47','wxlogin.do','微信端登陆','微信端登陆成功','微信端登陆','Y','2018-01-02 16:48:47','0000003511','刘备（外协经理）',NULL,NULL,NULL,NULL,NULL,NULL,NULL),(0000003503,'0000003516','曹操（核价经理）','2018-01-02 16:49:24','wxlogin.do','微信端登陆','微信端登陆成功','微信端登陆','Y','2018-01-02 16:49:24','0000003516','曹操（核价经理）',NULL,NULL,NULL,NULL,NULL,NULL,NULL),(0000003504,'0000003516','曹操（核价经理）','2018-01-02 16:52:28','wxlogin.do','微信端登陆','微信端登陆成功','微信端登陆','Y','2018-01-02 16:52:28','0000003516','曹操（核价经理）',NULL,NULL,NULL,NULL,NULL,NULL,NULL),(0000003505,'0000000001','系统管理员','2018-01-02 16:53:42','wxlogin.do','微信端登陆','微信端登陆成功','微信端登陆','Y','2018-01-02 16:53:42','0000000001','系统管理员',NULL,NULL,NULL,NULL,NULL,NULL,NULL),(0000003506,'0000003512','张飞（采购经理）','2018-01-02 16:54:59','wxlogin.do','微信端登陆','微信端登陆成功','微信端登陆','Y','2018-01-02 16:54:59','0000003512','张飞（采购经理）',NULL,NULL,NULL,NULL,NULL,NULL,NULL),(0000003507,'0000000001','系统管理员','2018-01-02 16:55:49','wxlogin.do','微信端登陆','微信端登陆成功','微信端登陆','Y','2018-01-02 16:55:49','0000000001','系统管理员',NULL,NULL,NULL,NULL,NULL,NULL,NULL),(0000003508,'0000003516','曹操（核价经理）','2018-01-02 16:56:07','wxlogin.do','微信端登陆','微信端登陆成功','微信端登陆','Y','2018-01-02 16:56:07','0000003516','曹操（核价经理）',NULL,NULL,NULL,NULL,NULL,NULL,NULL),(0000003509,'0000003512','张飞（采购经理）','2018-01-02 16:58:23','wxlogin.do','微信端登陆','微信端登陆成功','微信端登陆','Y','2018-01-02 16:58:24','0000003512','张飞（采购经理）',NULL,NULL,NULL,NULL,NULL,NULL,NULL),(0000003510,'0000003516','曹操（核价经理）','2018-01-02 16:59:14','wxlogin.do','微信端登陆','微信端登陆成功','微信端登陆','Y','2018-01-02 16:59:14','0000003516','曹操（核价经理）',NULL,NULL,NULL,NULL,NULL,NULL,NULL),(0000003511,'0000003511','刘备（外协经理）','2018-01-02 16:59:16','wxlogin.do','微信端登陆','微信端登陆成功','微信端登陆','Y','2018-01-02 16:59:16','0000003511','刘备（外协经理）',NULL,NULL,NULL,NULL,NULL,NULL,NULL),(0000003512,'0000003514','小乔（采购员）','2018-01-02 17:00:52','wxlogin.do','微信端登陆','微信端登陆成功','微信端登陆','Y','2018-01-02 17:00:52','0000003514','小乔（采购员）',NULL,NULL,NULL,NULL,NULL,NULL,NULL),(0000003513,'0000003514','小乔（采购员）','2018-01-02 17:05:08','wxlogin.do','微信端登陆','微信端登陆成功','微信端登陆','Y','2018-01-02 17:05:08','0000003514','小乔（采购员）',NULL,NULL,NULL,NULL,NULL,NULL,NULL),(0000003514,'0000003516','曹操（核价经理）','2018-01-02 17:12:35','wxlogin.do','微信端登陆','微信端登陆成功','微信端登陆','Y','2018-01-02 17:12:35','0000003516','曹操（核价经理）',NULL,NULL,NULL,NULL,NULL,NULL,NULL),(0000003515,'0000003514','小乔（采购员）','2018-01-02 17:12:48','wxlogin.do','微信端登陆','微信端登陆成功','微信端登陆','Y','2018-01-02 17:12:48','0000003514','小乔（采购员）',NULL,NULL,NULL,NULL,NULL,NULL,NULL),(0000003516,'0000003514','小乔（采购员）','2018-01-02 17:13:54','wxlogin.do','微信端登陆','微信端登陆成功','微信端登陆','Y','2018-01-02 17:13:54','0000003514','小乔（采购员）',NULL,NULL,NULL,NULL,NULL,NULL,NULL),(0000003517,'0000000001','系统管理员','2018-01-03 14:29:10','login.do','登陆','登陆成功','登陆','Y','2018-01-03 14:29:12','0000000001','系统管理员',NULL,NULL,NULL,NULL,NULL,NULL,NULL),(0000003518,'0000003514','小乔（采购员）','2018-01-03 14:30:00','wxlogin.do','微信端登陆','微信端登陆成功','微信端登陆','Y','2018-01-03 14:30:02','0000003514','小乔（采购员）',NULL,NULL,NULL,NULL,NULL,NULL,NULL),(0000003519,'0000003514','小乔（采购员）','2018-01-03 14:32:55','wxlogin.do','微信端登陆','微信端登陆成功','微信端登陆','Y','2018-01-03 14:32:56','0000003514','小乔（采购员）',NULL,NULL,NULL,NULL,NULL,NULL,NULL),(0000003520,'0000000001','系统管理员','2018-01-03 17:33:49','login.do','登陆','登陆成功','登陆','Y','2018-01-03 17:33:49','0000000001','系统管理员',NULL,NULL,NULL,NULL,NULL,NULL,NULL),(0000003521,'0000000001','系统管理员','2018-01-03 17:33:49','login.do','登陆','登陆成功','登陆','Y','2018-01-03 17:33:49','0000000001','系统管理员',NULL,NULL,NULL,NULL,NULL,NULL,NULL),(0000003522,'0000000001','系统管理员','2018-01-03 17:33:51','login.do','登陆','登陆成功','登陆','Y','2018-01-03 17:33:51','0000000001','系统管理员',NULL,NULL,NULL,NULL,NULL,NULL,NULL),(0000003523,'0000000001','系统管理员','2018-01-03 17:37:01','login.do','登陆','登陆成功','登陆','Y','2018-01-03 17:37:01','0000000001','系统管理员',NULL,NULL,NULL,NULL,NULL,NULL,NULL),(0000003524,'0000003516','曹操（核价经理）','2018-01-03 17:38:01','wxlogin.do','微信端登陆','微信端登陆成功','微信端登陆','Y','2018-01-03 17:38:01','0000003516','曹操（核价经理）',NULL,NULL,NULL,NULL,NULL,NULL,NULL),(0000003525,'0000003516','曹操（核价经理）','2018-01-03 17:44:11','wxlogin.do','微信端登陆','微信端登陆成功','微信端登陆','Y','2018-01-03 17:44:11','0000003516','曹操（核价经理）',NULL,NULL,NULL,NULL,NULL,NULL,NULL),(0000003526,'0000003516','曹操（核价经理）','2018-01-03 17:47:02','wxlogin.do','微信端登陆','微信端登陆成功','微信端登陆','Y','2018-01-03 17:47:02','0000003516','曹操（核价经理）',NULL,NULL,NULL,NULL,NULL,NULL,NULL),(0000003527,'0000003516','曹操（核价经理）','2018-01-03 17:47:11','wxlogin.do','微信端登陆','微信端登陆成功','微信端登陆','Y','2018-01-03 17:47:11','0000003516','曹操（核价经理）',NULL,NULL,NULL,NULL,NULL,NULL,NULL),(0000003528,'0000003512','张飞（采购经理）','2018-01-03 17:49:09','wxlogin.do','微信端登陆','微信端登陆成功','微信端登陆','Y','2018-01-03 17:49:10','0000003512','张飞（采购经理）',NULL,NULL,NULL,NULL,NULL,NULL,NULL),(0000003529,'0000003514','小乔（采购员）','2018-01-03 17:52:17','wxlogin.do','微信端登陆','微信端登陆成功','微信端登陆','Y','2018-01-03 17:52:17','0000003514','小乔（采购员）',NULL,NULL,NULL,NULL,NULL,NULL,NULL),(0000003530,'0000003514','小乔（采购员）','2018-01-03 17:55:29','wxlogin.do','微信端登陆','微信端登陆成功','微信端登陆','Y','2018-01-03 17:55:29','0000003514','小乔（采购员）',NULL,NULL,NULL,NULL,NULL,NULL,NULL),(0000003531,'0000003514','小乔（采购员）','2018-01-03 18:04:51','wxlogin.do','微信端登陆','微信端登陆成功','微信端登陆','Y','2018-01-03 18:04:51','0000003514','小乔（采购员）',NULL,NULL,NULL,NULL,NULL,NULL,NULL),(0000003532,'0000003514','小乔（采购员）','2018-01-03 18:05:34','wxlogin.do','微信端登陆','微信端登陆成功','微信端登陆','Y','2018-01-03 18:05:34','0000003514','小乔（采购员）',NULL,NULL,NULL,NULL,NULL,NULL,NULL),(0000003533,'0000003516','曹操（核价经理）','2018-01-03 18:09:29','wxlogin.do','微信端登陆','微信端登陆成功','微信端登陆','Y','2018-01-03 18:09:29','0000003516','曹操（核价经理）',NULL,NULL,NULL,NULL,NULL,NULL,NULL),(0000003534,'0000003516','曹操（核价经理）','2018-01-03 18:16:24','wxlogin.do','微信端登陆','微信端登陆成功','微信端登陆','Y','2018-01-03 18:16:24','0000003516','曹操（核价经理）',NULL,NULL,NULL,NULL,NULL,NULL,NULL),(0000003535,'0000003514','小乔（采购员）','2018-01-03 18:18:37','wxlogin.do','微信端登陆','微信端登陆成功','微信端登陆','Y','2018-01-03 18:18:37','0000003514','小乔（采购员）',NULL,NULL,NULL,NULL,NULL,NULL,NULL),(0000003536,'0000003511','刘备（外协经理）','2018-01-03 18:18:39','wxlogin.do','微信端登陆','微信端登陆成功','微信端登陆','Y','2018-01-03 18:18:39','0000003511','刘备（外协经理）',NULL,NULL,NULL,NULL,NULL,NULL,NULL),(0000003537,'0000003514','小乔（采购员）','2018-01-03 18:19:22','wxlogin.do','微信端登陆','微信端登陆成功','微信端登陆','Y','2018-01-03 18:19:22','0000003514','小乔（采购员）',NULL,NULL,NULL,NULL,NULL,NULL,NULL),(0000003538,'0000003516','曹操（核价经理）','2018-01-03 18:20:48','wxlogin.do','微信端登陆','微信端登陆成功','微信端登陆','Y','2018-01-03 18:20:48','0000003516','曹操（核价经理）',NULL,NULL,NULL,NULL,NULL,NULL,NULL),(0000003539,'0000003511','刘备（外协经理）','2018-01-03 18:37:12','wxlogin.do','微信端登陆','微信端登陆成功','微信端登陆','Y','2018-01-03 18:37:12','0000003511','刘备（外协经理）',NULL,NULL,NULL,NULL,NULL,NULL,NULL),(0000003540,'0000003511','刘备（外协经理）','2018-01-03 18:38:15','wxlogin.do','微信端登陆','微信端登陆成功','微信端登陆','Y','2018-01-03 18:38:15','0000003511','刘备（外协经理）',NULL,NULL,NULL,NULL,NULL,NULL,NULL),(0000003541,'0000003516','曹操（核价经理）','2018-01-03 18:38:40','wxlogin.do','微信端登陆','微信端登陆成功','微信端登陆','Y','2018-01-03 18:38:40','0000003516','曹操（核价经理）',NULL,NULL,NULL,NULL,NULL,NULL,NULL),(0000003542,'0000003511','刘备（外协经理）','2018-01-03 18:44:00','wxlogin.do','微信端登陆','微信端登陆成功','微信端登陆','Y','2018-01-03 18:44:00','0000003511','刘备（外协经理）',NULL,NULL,NULL,NULL,NULL,NULL,NULL),(0000003543,'0000003514','小乔（采购员）','2018-01-03 18:46:56','wxlogin.do','微信端登陆','微信端登陆成功','微信端登陆','Y','2018-01-03 18:46:56','0000003514','小乔（采购员）',NULL,NULL,NULL,NULL,NULL,NULL,NULL),(0000003544,'0000003516','曹操（核价经理）','2018-01-03 18:47:56','wxlogin.do','微信端登陆','微信端登陆成功','微信端登陆','Y','2018-01-03 18:47:56','0000003516','曹操（核价经理）',NULL,NULL,NULL,NULL,NULL,NULL,NULL),(0000003545,'0000003514','小乔（采购员）','2018-01-03 19:51:25','wxlogin.do','微信端登陆','微信端登陆成功','微信端登陆','Y','2018-01-03 19:51:25','0000003514','小乔（采购员）',NULL,NULL,NULL,NULL,NULL,NULL,NULL),(0000003546,'0000003516','曹操（核价经理）','2018-01-04 09:46:33','wxlogin.do','微信端登陆','微信端登陆成功','微信端登陆','Y','2018-01-04 09:46:33','0000003516','曹操（核价经理）',NULL,NULL,NULL,NULL,NULL,NULL,NULL),(0000003547,'0000003516','曹操（核价经理）','2018-01-04 09:48:48','wxlogin.do','微信端登陆','微信端登陆成功','微信端登陆','Y','2018-01-04 09:48:48','0000003516','曹操（核价经理）',NULL,NULL,NULL,NULL,NULL,NULL,NULL),(0000003548,'0000003514','小乔（采购员）','2018-01-04 09:49:45','wxlogin.do','微信端登陆','微信端登陆成功','微信端登陆','Y','2018-01-04 09:49:45','0000003514','小乔（采购员）',NULL,NULL,NULL,NULL,NULL,NULL,NULL),(0000003549,'0000003516','曹操（核价经理）','2018-01-04 13:57:55','wxlogin.do','微信端登陆','微信端登陆成功','微信端登陆','Y','2018-01-04 13:57:55','0000003516','曹操（核价经理）',NULL,NULL,NULL,NULL,NULL,NULL,NULL),(0000003550,'0000003514','小乔（采购员）','2018-01-04 13:58:49','wxlogin.do','微信端登陆','微信端登陆成功','微信端登陆','Y','2018-01-04 13:58:49','0000003514','小乔（采购员）',NULL,NULL,NULL,NULL,NULL,NULL,NULL),(0000003551,'0000003516','曹操（核价经理）','2018-01-04 14:20:43','wxlogin.do','微信端登陆','微信端登陆成功','微信端登陆','Y','2018-01-04 14:20:43','0000003516','曹操（核价经理）',NULL,NULL,NULL,NULL,NULL,NULL,NULL),(0000003552,'0000003516','曹操（核价经理）','2018-01-04 14:21:27','wxlogin.do','微信端登陆','微信端登陆成功','微信端登陆','Y','2018-01-04 14:21:27','0000003516','曹操（核价经理）',NULL,NULL,NULL,NULL,NULL,NULL,NULL),(0000003553,'0000003514','小乔（采购员）','2018-01-04 14:23:10','wxlogin.do','微信端登陆','微信端登陆成功','微信端登陆','Y','2018-01-04 14:23:10','0000003514','小乔（采购员）',NULL,NULL,NULL,NULL,NULL,NULL,NULL),(0000003554,'0000000001','系统管理员','2018-01-05 14:47:46','login.do','登陆','登陆成功','登陆','Y','2018-01-05 14:47:46','0000000001','系统管理员',NULL,NULL,NULL,NULL,NULL,NULL,NULL),(0000003555,'0000003513','关羽（检验经理）','2018-01-05 14:48:50','wxlogin.do','微信端登陆','微信端登陆成功','微信端登陆','Y','2018-01-05 14:48:50','0000003513','关羽（检验经理）',NULL,NULL,NULL,NULL,NULL,NULL,NULL),(0000003556,'0000003515','貂蝉（检验员）','2018-01-05 14:49:28','wxlogin.do','微信端登陆','微信端登陆成功','微信端登陆','Y','2018-01-05 14:49:28','0000003515','貂蝉（检验员）',NULL,NULL,NULL,NULL,NULL,NULL,NULL),(0000003557,'0000000001','系统管理员','2018-01-08 14:18:17','login.do','登陆','登陆成功','登陆','Y','2018-01-08 14:18:17','0000000001','系统管理员',NULL,NULL,NULL,NULL,NULL,NULL,NULL),(0000003558,'0000003516','曹操（核价经理）','2018-01-08 14:19:25','wxlogin.do','微信端登陆','微信端登陆成功','微信端登陆','Y','2018-01-08 14:19:25','0000003516','曹操（核价经理）',NULL,NULL,NULL,NULL,NULL,NULL,NULL),(0000003559,'0000003511','刘备（外协经理）','2018-01-08 14:23:54','wxlogin.do','微信端登陆','微信端登陆成功','微信端登陆','Y','2018-01-08 14:23:54','0000003511','刘备（外协经理）',NULL,NULL,NULL,NULL,NULL,NULL,NULL),(0000003560,'0000003514','小乔（采购员）','2018-01-08 14:25:07','wxlogin.do','微信端登陆','微信端登陆成功','微信端登陆','Y','2018-01-08 14:25:07','0000003514','小乔（采购员）',NULL,NULL,NULL,NULL,NULL,NULL,NULL),(0000003561,'0000003516','曹操（核价经理）','2018-01-08 14:26:11','wxlogin.do','微信端登陆','微信端登陆成功','微信端登陆','Y','2018-01-08 14:26:11','0000003516','曹操（核价经理）',NULL,NULL,NULL,NULL,NULL,NULL,NULL),(0000003562,'0000003513','关羽（检验经理）','2018-01-08 14:27:21','wxlogin.do','微信端登陆','微信端登陆成功','微信端登陆','Y','2018-01-08 14:27:21','0000003513','关羽（检验经理）',NULL,NULL,NULL,NULL,NULL,NULL,NULL),(0000003563,'0000003515','貂蝉（检验员）','2018-01-08 14:28:20','wxlogin.do','微信端登陆','微信端登陆成功','微信端登陆','Y','2018-01-08 14:28:20','0000003515','貂蝉（检验员）',NULL,NULL,NULL,NULL,NULL,NULL,NULL),(0000003564,'0000003514','小乔（采购员）','2018-01-08 14:31:57','wxlogin.do','微信端登陆','微信端登陆成功','微信端登陆','Y','2018-01-08 14:31:57','0000003514','小乔（采购员）',NULL,NULL,NULL,NULL,NULL,NULL,NULL),(0000003565,'0000003513','关羽（检验经理）','2018-01-08 14:32:28','wxlogin.do','微信端登陆','微信端登陆成功','微信端登陆','Y','2018-01-08 14:32:28','0000003513','关羽（检验经理）',NULL,NULL,NULL,NULL,NULL,NULL,NULL),(0000003566,'0000003515','貂蝉（检验员）','2018-01-08 14:32:59','wxlogin.do','微信端登陆','微信端登陆成功','微信端登陆','Y','2018-01-08 14:32:59','0000003515','貂蝉（检验员）',NULL,NULL,NULL,NULL,NULL,NULL,NULL),(0000003567,'0000003515','貂蝉（检验员）','2018-01-08 14:33:54','wxlogin.do','微信端登陆','微信端登陆成功','微信端登陆','Y','2018-01-08 14:33:54','0000003515','貂蝉（检验员）',NULL,NULL,NULL,NULL,NULL,NULL,NULL),(0000003568,'0000003516','曹操（核价经理）','2018-01-10 14:45:08','wxlogin.do','微信端登陆','微信端登陆成功','微信端登陆','Y','2018-01-10 14:45:08','0000003516','曹操（核价经理）',NULL,NULL,NULL,NULL,NULL,NULL,NULL),(0000003569,'0000003514','小乔（采购员）','2018-01-10 14:47:44','wxlogin.do','微信端登陆','微信端登陆成功','微信端登陆','Y','2018-01-10 14:47:44','0000003514','小乔（采购员）',NULL,NULL,NULL,NULL,NULL,NULL,NULL),(0000003570,'0000003515','貂蝉（检验员）','2018-01-10 14:48:22','wxlogin.do','微信端登陆','微信端登陆成功','微信端登陆','Y','2018-01-10 14:48:22','0000003515','貂蝉（检验员）',NULL,NULL,NULL,NULL,NULL,NULL,NULL),(0000003571,'0000003514','小乔（采购员）','2018-01-10 14:49:11','wxlogin.do','微信端登陆','微信端登陆成功','微信端登陆','Y','2018-01-10 14:49:11','0000003514','小乔（采购员）',NULL,NULL,NULL,NULL,NULL,NULL,NULL),(0000003572,'0000003514','小乔（采购员）','2018-01-10 14:49:57','wxlogin.do','微信端登陆','微信端登陆成功','微信端登陆','Y','2018-01-10 14:49:57','0000003514','小乔（采购员）',NULL,NULL,NULL,NULL,NULL,NULL,NULL),(0000003573,'0000003514','小乔（采购员）','2018-01-10 14:50:30','wxlogin.do','微信端登陆','微信端登陆成功','微信端登陆','Y','2018-01-10 14:50:30','0000003514','小乔（采购员）',NULL,NULL,NULL,NULL,NULL,NULL,NULL),(0000003574,'0000003516','曹操（核价经理）','2018-01-10 14:51:29','wxlogin.do','微信端登陆','微信端登陆成功','微信端登陆','Y','2018-01-10 14:51:29','0000003516','曹操（核价经理）',NULL,NULL,NULL,NULL,NULL,NULL,NULL),(0000003575,'0000003512','张飞（采购经理）','2018-01-10 14:53:04','wxlogin.do','微信端登陆','微信端登陆成功','微信端登陆','Y','2018-01-10 14:53:04','0000003512','张飞（采购经理）',NULL,NULL,NULL,NULL,NULL,NULL,NULL),(0000003576,'0000003512','张飞（采购经理）','2018-01-10 14:53:42','wxlogin.do','微信端登陆','微信端登陆成功','微信端登陆','Y','2018-01-10 14:53:42','0000003512','张飞（采购经理）',NULL,NULL,NULL,NULL,NULL,NULL,NULL),(0000003577,'0000003514','小乔（采购员）','2018-01-10 14:54:03','wxlogin.do','微信端登陆','微信端登陆成功','微信端登陆','Y','2018-01-10 14:54:03','0000003514','小乔（采购员）',NULL,NULL,NULL,NULL,NULL,NULL,NULL),(0000003578,'0000003515','貂蝉（检验员）','2018-01-10 14:54:29','wxlogin.do','微信端登陆','微信端登陆成功','微信端登陆','Y','2018-01-10 14:54:29','0000003515','貂蝉（检验员）',NULL,NULL,NULL,NULL,NULL,NULL,NULL),(0000003579,'0000003516','曹操（核价经理）','2018-01-10 14:57:41','wxlogin.do','微信端登陆','微信端登陆成功','微信端登陆','Y','2018-01-10 14:57:41','0000003516','曹操（核价经理）',NULL,NULL,NULL,NULL,NULL,NULL,NULL),(0000003580,'0000003515','貂蝉（检验员）','2018-01-10 15:01:32','wxlogin.do','微信端登陆','微信端登陆成功','微信端登陆','Y','2018-01-10 15:01:32','0000003515','貂蝉（检验员）',NULL,NULL,NULL,NULL,NULL,NULL,NULL),(0000003581,'0000003515','貂蝉（检验员）','2018-01-10 15:01:56','wxlogin.do','微信端登陆','微信端登陆成功','微信端登陆','Y','2018-01-10 15:01:56','0000003515','貂蝉（检验员）',NULL,NULL,NULL,NULL,NULL,NULL,NULL),(0000003582,'0000003515','貂蝉（检验员）','2018-01-10 15:02:53','wxlogin.do','微信端登陆','微信端登陆成功','微信端登陆','Y','2018-01-10 15:02:53','0000003515','貂蝉（检验员）',NULL,NULL,NULL,NULL,NULL,NULL,NULL),(0000003583,'0000003515','貂蝉（检验员）','2018-01-10 15:05:09','wxlogin.do','微信端登陆','微信端登陆成功','微信端登陆','Y','2018-01-10 15:05:09','0000003515','貂蝉（检验员）',NULL,NULL,NULL,NULL,NULL,NULL,NULL),(0000003584,'0000003515','貂蝉（检验员）','2018-01-10 15:14:27','wxlogin.do','微信端登陆','微信端登陆成功','微信端登陆','Y','2018-01-10 15:14:28','0000003515','貂蝉（检验员）',NULL,NULL,NULL,NULL,NULL,NULL,NULL),(0000003585,'0000003516','曹操（核价经理）','2018-01-20 11:37:32','wxlogin.do','微信端登陆','微信端登陆成功','微信端登陆','Y','2018-01-20 11:37:32','0000003516','曹操（核价经理）',NULL,NULL,NULL,NULL,NULL,NULL,NULL),(0000003586,'0000003516','曹操（核价经理）','2018-01-20 11:37:33','wxlogin.do','微信端登陆','微信端登陆成功','微信端登陆','Y','2018-01-20 11:37:33','0000003516','曹操（核价经理）',NULL,NULL,NULL,NULL,NULL,NULL,NULL),(0000003587,'0000003516','曹操（核价经理）','2018-01-24 10:57:28','wxlogin.do','微信端登陆','微信端登陆成功','微信端登陆','Y','2018-01-24 10:57:28','0000003516','曹操（核价经理）',NULL,NULL,NULL,NULL,NULL,NULL,NULL),(0000003588,'0000003516','曹操（核价经理）','2018-01-24 10:57:28','wxlogin.do','微信端登陆','微信端登陆成功','微信端登陆','Y','2018-01-24 10:57:28','0000003516','曹操（核价经理）',NULL,NULL,NULL,NULL,NULL,NULL,NULL),(0000003589,'0000003516','曹操（核价经理）','2018-01-24 11:02:08','wxlogin.do','微信端登陆','微信端登陆成功','微信端登陆','Y','2018-01-24 11:02:09','0000003516','曹操（核价经理）',NULL,NULL,NULL,NULL,NULL,NULL,NULL),(0000003590,'0000003516','曹操（核价经理）','2018-01-24 11:06:13','wxlogin.do','微信端登陆','微信端登陆成功','微信端登陆','Y','2018-01-24 11:06:15','0000003516','曹操（核价经理）',NULL,NULL,NULL,NULL,NULL,NULL,NULL),(0000003591,'0000003516','曹操（核价经理）','2018-01-24 11:08:05','wxlogin.do','微信端登陆','微信端登陆成功','微信端登陆','Y','2018-01-24 11:08:05','0000003516','曹操（核价经理）',NULL,NULL,NULL,NULL,NULL,NULL,NULL),(0000003592,'0000003516','曹操（核价经理）','2018-01-24 11:10:15','wxlogin.do','微信端登陆','微信端登陆成功','微信端登陆','Y','2018-01-24 11:10:15','0000003516','曹操（核价经理）',NULL,NULL,NULL,NULL,NULL,NULL,NULL),(0000003593,'0000003516','曹操（核价经理）','2018-01-24 11:10:37','wxlogin.do','微信端登陆','微信端登陆成功','微信端登陆','Y','2018-01-24 11:10:37','0000003516','曹操（核价经理）',NULL,NULL,NULL,NULL,NULL,NULL,NULL),(0000003594,'0000003516','曹操（核价经理）','2018-01-24 11:11:07','wxlogin.do','微信端登陆','微信端登陆成功','微信端登陆','Y','2018-01-24 11:11:07','0000003516','曹操（核价经理）',NULL,NULL,NULL,NULL,NULL,NULL,NULL),(0000003595,'0000003511','刘备（外协经理）','2018-01-24 11:11:08','wxlogin.do','微信端登陆','微信端登陆成功','微信端登陆','Y','2018-01-24 11:11:08','0000003511','刘备（外协经理）',NULL,NULL,NULL,NULL,NULL,NULL,NULL),(0000003596,'0000003516','曹操（核价经理）','2018-01-24 11:12:40','wxlogin.do','微信端登陆','微信端登陆成功','微信端登陆','Y','2018-01-24 11:12:41','0000003516','曹操（核价经理）',NULL,NULL,NULL,NULL,NULL,NULL,NULL),(0000003597,'0000003516','曹操（核价经理）','2018-01-24 11:17:57','wxlogin.do','微信端登陆','微信端登陆成功','微信端登陆','Y','2018-01-24 11:17:57','0000003516','曹操（核价经理）',NULL,NULL,NULL,NULL,NULL,NULL,NULL),(0000003598,'0000003512','张飞（采购经理）','2018-01-24 11:18:17','wxlogin.do','微信端登陆','微信端登陆成功','微信端登陆','Y','2018-01-24 11:18:17','0000003512','张飞（采购经理）',NULL,NULL,NULL,NULL,NULL,NULL,NULL),(0000003599,'0000003511','刘备（外协经理）','2018-01-24 11:19:00','wxlogin.do','微信端登陆','微信端登陆成功','微信端登陆','Y','2018-01-24 11:19:00','0000003511','刘备（外协经理）',NULL,NULL,NULL,NULL,NULL,NULL,NULL),(0000003600,'0000003511','刘备（外协经理）','2018-01-24 11:22:24','wxlogin.do','微信端登陆','微信端登陆成功','微信端登陆','Y','2018-01-24 11:22:24','0000003511','刘备（外协经理）',NULL,NULL,NULL,NULL,NULL,NULL,NULL),(0000003601,'0000003516','曹操（核价经理）','2018-01-24 11:24:48','wxlogin.do','微信端登陆','微信端登陆成功','微信端登陆','Y','2018-01-24 11:24:49','0000003516','曹操（核价经理）',NULL,NULL,NULL,NULL,NULL,NULL,NULL),(0000003602,'0000003511','刘备（外协经理）','2018-01-24 11:25:23','wxlogin.do','微信端登陆','微信端登陆成功','微信端登陆','Y','2018-01-24 11:25:23','0000003511','刘备（外协经理）',NULL,NULL,NULL,NULL,NULL,NULL,NULL),(0000003603,'0000003511','刘备（外协经理）','2018-01-24 11:31:26','wxlogin.do','微信端登陆','微信端登陆成功','微信端登陆','Y','2018-01-24 11:31:26','0000003511','刘备（外协经理）',NULL,NULL,NULL,NULL,NULL,NULL,NULL),(0000003604,'0000003516','曹操（核价经理）','2018-01-24 11:33:39','wxlogin.do','微信端登陆','微信端登陆成功','微信端登陆','Y','2018-01-24 11:33:40','0000003516','曹操（核价经理）',NULL,NULL,NULL,NULL,NULL,NULL,NULL),(0000003605,'0000003511','刘备（外协经理）','2018-01-24 11:35:40','wxlogin.do','微信端登陆','微信端登陆成功','微信端登陆','Y','2018-01-24 11:35:41','0000003511','刘备（外协经理）',NULL,NULL,NULL,NULL,NULL,NULL,NULL),(0000003606,'0000003516','曹操（核价经理）','2018-01-24 12:02:00','wxlogin.do','微信端登陆','微信端登陆成功','微信端登陆','Y','2018-01-24 12:02:01','0000003516','曹操（核价经理）',NULL,NULL,NULL,NULL,NULL,NULL,NULL),(0000003607,'0000003516','曹操（核价经理）','2018-01-24 12:04:33','wxlogin.do','微信端登陆','微信端登陆成功','微信端登陆','Y','2018-01-24 12:04:33','0000003516','曹操（核价经理）',NULL,NULL,NULL,NULL,NULL,NULL,NULL),(0000003608,'0000003516','曹操（核价经理）','2018-01-24 12:10:28','wxlogin.do','微信端登陆','微信端登陆成功','微信端登陆','Y','2018-01-24 12:10:29','0000003516','曹操（核价经理）',NULL,NULL,NULL,NULL,NULL,NULL,NULL),(0000003609,'0000003516','曹操（核价经理）','2018-01-24 12:11:26','wxlogin.do','微信端登陆','微信端登陆成功','微信端登陆','Y','2018-01-24 12:11:27','0000003516','曹操（核价经理）',NULL,NULL,NULL,NULL,NULL,NULL,NULL),(0000003610,'0000003516','曹操（核价经理）','2018-01-24 12:33:16','wxlogin.do','微信端登陆','微信端登陆成功','微信端登陆','Y','2018-01-24 12:33:17','0000003516','曹操（核价经理）',NULL,NULL,NULL,NULL,NULL,NULL,NULL),(0000003611,'0000003516','曹操（核价经理）','2018-01-24 12:40:44','wxlogin.do','微信端登陆','微信端登陆成功','微信端登陆','Y','2018-01-24 12:40:45','0000003516','曹操（核价经理）',NULL,NULL,NULL,NULL,NULL,NULL,NULL),(0000003612,'0000003516','曹操（核价经理）','2018-01-24 12:55:48','wxlogin.do','微信端登陆','微信端登陆成功','微信端登陆','Y','2018-01-24 12:55:50','0000003516','曹操（核价经理）',NULL,NULL,NULL,NULL,NULL,NULL,NULL),(0000003613,'0000003516','曹操（核价经理）','2018-01-24 13:04:30','wxlogin.do','微信端登陆','微信端登陆成功','微信端登陆','Y','2018-01-24 13:04:31','0000003516','曹操（核价经理）',NULL,NULL,NULL,NULL,NULL,NULL,NULL),(0000003614,'0000003516','曹操（核价经理）','2018-01-24 13:23:12','wxlogin.do','微信端登陆','微信端登陆成功','微信端登陆','Y','2018-01-24 13:23:13','0000003516','曹操（核价经理）',NULL,NULL,NULL,NULL,NULL,NULL,NULL),(0000003615,'0000003511','刘备（外协经理）','2018-01-24 13:25:05','wxlogin.do','微信端登陆','微信端登陆成功','微信端登陆','Y','2018-01-24 13:25:06','0000003511','刘备（外协经理）',NULL,NULL,NULL,NULL,NULL,NULL,NULL),(0000003616,'0000003516','曹操（核价经理）','2018-01-24 13:25:28','wxlogin.do','微信端登陆','微信端登陆成功','微信端登陆','Y','2018-01-24 13:25:29','0000003516','曹操（核价经理）',NULL,NULL,NULL,NULL,NULL,NULL,NULL),(0000003617,'0000003516','曹操（核价经理）','2018-01-24 13:26:00','wxlogin.do','微信端登陆','微信端登陆成功','微信端登陆','Y','2018-01-24 13:26:00','0000003516','曹操（核价经理）',NULL,NULL,NULL,NULL,NULL,NULL,NULL),(0000003618,'0000003516','曹操（核价经理）','2018-01-24 13:28:38','wxlogin.do','微信端登陆','微信端登陆成功','微信端登陆','Y','2018-01-24 13:28:39','0000003516','曹操（核价经理）',NULL,NULL,NULL,NULL,NULL,NULL,NULL),(0000003619,'0000003511','刘备（外协经理）','2018-01-24 13:31:01','wxlogin.do','微信端登陆','微信端登陆成功','微信端登陆','Y','2018-01-24 13:31:02','0000003511','刘备（外协经理）',NULL,NULL,NULL,NULL,NULL,NULL,NULL),(0000003620,'0000003516','曹操（核价经理）','2018-01-24 13:31:38','wxlogin.do','微信端登陆','微信端登陆成功','微信端登陆','Y','2018-01-24 13:31:39','0000003516','曹操（核价经理）',NULL,NULL,NULL,NULL,NULL,NULL,NULL),(0000003621,'0000003514','小乔（采购员）','2018-01-24 13:32:31','wxlogin.do','微信端登陆','微信端登陆成功','微信端登陆','Y','2018-01-24 13:32:32','0000003514','小乔（采购员）',NULL,NULL,NULL,NULL,NULL,NULL,NULL),(0000003622,'0000003516','曹操（核价经理）','2018-01-24 13:34:21','wxlogin.do','微信端登陆','微信端登陆成功','微信端登陆','Y','2018-01-24 13:34:21','0000003516','曹操（核价经理）',NULL,NULL,NULL,NULL,NULL,NULL,NULL),(0000003623,'0000003516','曹操（核价经理）','2018-01-24 13:35:14','wxlogin.do','微信端登陆','微信端登陆成功','微信端登陆','Y','2018-01-24 13:35:15','0000003516','曹操（核价经理）',NULL,NULL,NULL,NULL,NULL,NULL,NULL),(0000003624,'0000000001','系统管理员','2018-04-20 16:03:03','login.do','登陆','登陆成功','登陆','Y','2018-04-20 16:03:03','0000000001','系统管理员',NULL,NULL,NULL,NULL,NULL,NULL,NULL),(0000003625,'0000000001','系统管理员','2018-04-20 16:27:59','wxlogin.do','微信端登陆','微信端登陆成功','微信端登陆','Y','2018-04-20 16:27:59','0000000001','系统管理员',NULL,NULL,NULL,NULL,NULL,NULL,NULL),(0000003626,'0000000001','系统管理员','2018-04-25 14:32:16','wxlogin.do','微信端登陆','微信端登陆成功','微信端登陆','Y','2018-04-25 14:32:16','0000000001','系统管理员',NULL,NULL,NULL,NULL,NULL,NULL,NULL),(0000003627,'0000000001','系统管理员','2018-06-26 14:58:20','wxlogin.do','微信端登陆','微信端登陆成功','微信端登陆','Y','2018-06-26 14:58:20','0000000001','系统管理员',NULL,NULL,NULL,NULL,NULL,NULL,NULL);

/*Table structure for table `sys_role_info` */

DROP TABLE IF EXISTS `sys_role_info`;

CREATE TABLE `sys_role_info` (
  `ROLE_ID` varchar(100) NOT NULL COMMENT '主键',
  `ROLE_NAME` varchar(10) NOT NULL COMMENT '角色名',
  `ROLE_DESC` varchar(100) NOT NULL COMMENT '角色描述',
  `FUNCTION_IDS` varchar(1000) NOT NULL COMMENT '功能编号',
  `FUNCTION_OPERATE_IDS` varchar(1000) DEFAULT NULL COMMENT '功能操作按钮菜单编号',
  `prorata` varchar(10) DEFAULT '0' COMMENT '角色提成设置（单位：%）',
  `REMARK` varchar(100) DEFAULT NULL COMMENT '备注',
  `STATUS` varchar(100) DEFAULT 'Y' COMMENT '状态（Y正常,N禁用）',
  `CREATE_TIME` timestamp NULL DEFAULT CURRENT_TIMESTAMP COMMENT '创建时间',
  `CREATE_USER_ID` varchar(100) NOT NULL COMMENT '创建人编号(SYS_USER_INFO.USER_ID)',
  `CREATE_USER_NAME` varchar(100) NOT NULL COMMENT '创建人姓名(SYS_USER_INFO.USER_NAME)',
  `CREATE_DEPART_ID` varchar(100) DEFAULT NULL COMMENT '创建人所属科室编号(SYS_DEPART_INFO.DEPART_ID)',
  `CREATE_DEPART_NAME` varchar(100) DEFAULT NULL COMMENT '创建人所属科室名称(SYS_DEPART_INFO.DEPART_NAME)',
  `LAST_UPDATE_TIME` datetime DEFAULT NULL COMMENT '最后更新时间',
  `LAST_UPDATE_USER_ID` varchar(100) DEFAULT NULL COMMENT '最后更新人编号(SYS_USER_INFO.USER_ID)',
  `LAST_UPDATE_USER_NAME` varchar(100) DEFAULT NULL COMMENT '最后更新人姓名(SYS_USER_INFO.USER_NAME)',
  `LAST_UPDATE_DEPART_ID` varchar(100) DEFAULT NULL COMMENT '最后更新所属科室编号(SYS_DEPART_INFO.DEPART_ID)',
  `LAST_UPDATE_DEPART_NAME` varchar(100) DEFAULT NULL COMMENT '最后更新所属科室名称(SYS_DEPART_INFO.DEPART_NAME)',
  PRIMARY KEY (`ROLE_ID`)
) ENGINE=InnoDB DEFAULT CHARSET=utf8;

/*Data for the table `sys_role_info` */

insert  into `sys_role_info`(`ROLE_ID`,`ROLE_NAME`,`ROLE_DESC`,`FUNCTION_IDS`,`FUNCTION_OPERATE_IDS`,`prorata`,`REMARK`,`STATUS`,`CREATE_TIME`,`CREATE_USER_ID`,`CREATE_USER_NAME`,`CREATE_DEPART_ID`,`CREATE_DEPART_NAME`,`LAST_UPDATE_TIME`,`LAST_UPDATE_USER_ID`,`LAST_UPDATE_USER_NAME`,`LAST_UPDATE_DEPART_ID`,`LAST_UPDATE_DEPART_NAME`) values ('001001001002001','系统管理员','角色',',020001001,020001002,020001003,020001006,020001007,,020002001,020002002,020002003,020002004,020002005,020002006,,020003001,020003002,020003003,020003004,,020004001,020004002,020004003,020004004,020004005,','','0',NULL,'Y','2017-10-25 11:05:37','0000000001','系统管理员','','',NULL,NULL,NULL,NULL,NULL),('001001001002002','外协经理','222',',020002001,020002002,020002003,020002004,020002005,020002006,,020003001,,020004001,020004002,020004003,','','0',NULL,'Y','2017-10-25 11:06:16','0000000001','系统管理员','','',NULL,NULL,NULL,NULL,NULL),('001001001002003','采购经理','角色',',020002001,020002002,020002003,020002004,020002005,020002006,,020003001,020003002,020003003,020003004,,020004001,020004002,020004003,','','0',NULL,'Y','2017-10-25 11:06:33','0000000001','系统管理员','','',NULL,NULL,NULL,NULL,NULL),('001001001002004','检验经理','角色',',020002001,020002002,020002003,020002004,020002005,020002006,,020003001,020003002,020003003,020003004,,020004001,020004002,020004003,','','0',NULL,'Y','2017-10-25 11:06:52','0000000001','系统管理员','','',NULL,NULL,NULL,NULL,NULL),('001001001002005','采购员','角色',',020003002,','','0',NULL,'Y','2017-10-25 11:08:21','0000000001','系统管理员','','',NULL,NULL,NULL,NULL,NULL),('001001001002006','检验员','角色',',020003002,','','0',NULL,'Y','2017-10-25 11:08:38','0000000001','系统管理员','','',NULL,NULL,NULL,NULL,NULL),('001001001002007','核价经理','对采购报价进行核价',',020002001,020002002,020002003,020002004,020002005,020002006,,020003001,020003002,020003003,020003004,','','0',NULL,'Y','2017-11-27 14:34:01','0000000001','系统管理员','','',NULL,NULL,NULL,NULL,NULL);

/*Table structure for table `sys_unit_info` */

DROP TABLE IF EXISTS `sys_unit_info`;

CREATE TABLE `sys_unit_info` (
  `UNIT_ID` varchar(10) NOT NULL COMMENT '单位编号',
  `UNIT_NAME` varchar(10) NOT NULL COMMENT '单位名称',
  `FUNCTION_SEQUE` varchar(100) NOT NULL COMMENT '顺序',
  `REMARK` varchar(100) DEFAULT NULL COMMENT '备注',
  `STATUS` varchar(100) DEFAULT 'Y' COMMENT '状态（Y正常,N禁用）',
  `CREATE_TIME` timestamp NULL DEFAULT CURRENT_TIMESTAMP COMMENT '创建时间',
  `CREATE_USER_ID` varchar(100) NOT NULL COMMENT '创建人编号(SYS_USER_INFO.USER_ID)',
  `CREATE_USER_NAME` varchar(100) NOT NULL COMMENT '创建人姓名(SYS_USER_INFO.USER_NAME)',
  `CREATE_DEPART_ID` varchar(100) DEFAULT NULL COMMENT '创建人所属科室编号(SYS_DEPART_INFO.DEPART_ID)',
  `CREATE_DEPART_NAME` varchar(100) DEFAULT NULL COMMENT '创建人所属科室名称(SYS_DEPART_INFO.DEPART_NAME)',
  `LAST_UPDATE_TIME` datetime DEFAULT NULL COMMENT '最后更新时间',
  `LAST_UPDATE_USER_ID` varchar(100) DEFAULT NULL COMMENT '最后更新人编号(SYS_USER_INFO.USER_ID)',
  `LAST_UPDATE_USER_NAME` varchar(100) DEFAULT NULL COMMENT '最后更新人姓名(SYS_USER_INFO.USER_NAME)',
  `LAST_UPDATE_DEPART_ID` varchar(100) DEFAULT NULL COMMENT '最后更新所属科室编号(SYS_DEPART_INFO.DEPART_ID)',
  `LAST_UPDATE_DEPART_NAME` varchar(100) DEFAULT NULL COMMENT '最后更新所属科室名称(SYS_DEPART_INFO.DEPART_NAME)',
  PRIMARY KEY (`UNIT_ID`)
) ENGINE=InnoDB DEFAULT CHARSET=utf8;

/*Data for the table `sys_unit_info` */

/*Table structure for table `sys_user_info` */

DROP TABLE IF EXISTS `sys_user_info`;

CREATE TABLE `sys_user_info` (
  `USER_ID` int(10) unsigned zerofill NOT NULL AUTO_INCREMENT COMMENT '单位编号',
  `USER_NAME` varchar(100) NOT NULL COMMENT '用户名',
  `LOGIN_NAME` varchar(100) NOT NULL COMMENT '系统登录名(登录用户名)',
  `LOGIN_PWD` varchar(100) NOT NULL COMMENT '系统登录密码',
  `DEPART_ID` varchar(100) DEFAULT NULL COMMENT '所属科室编号(SYS_DEPART_INFO.DEPART_ID)',
  `DEPART_NAME` varchar(100) DEFAULT NULL COMMENT '所属科室名称(SYS_DEPART_INFO.DEPART_NAME)',
  `DEPART_POWER` varchar(100) DEFAULT NULL,
  `position` varchar(100) DEFAULT NULL COMMENT '0.外协经理,1.核价经理2.采购经理3.检验经理4.采购员，5检验员',
  `SEX` varchar(100) DEFAULT NULL COMMENT '性别（1男2女）',
  `PHONE` varchar(100) DEFAULT NULL COMMENT '电话',
  `EMAIL` varchar(100) DEFAULT NULL COMMENT '邮箱',
  `QQ` varchar(100) DEFAULT NULL COMMENT 'QQ',
  `BRITHDAY` varchar(100) DEFAULT NULL COMMENT '生日',
  `wx_open_id` varchar(500) DEFAULT NULL COMMENT '微信Id',
  `WX_NICK_NAME` varchar(100) DEFAULT NULL COMMENT '微信昵称',
  `WX_HEAD_IMG_URL` varchar(100) DEFAULT NULL COMMENT '微信头像地址',
  `IS_ONLINE` varchar(1) DEFAULT 'N' COMMENT 'IS_ONLINE',
  `LASTLOGINTIME` date DEFAULT NULL COMMENT '上一次登录的时间',
  `STATE` varchar(2) DEFAULT '1' COMMENT '用户状态（1、正常；2：停用；3冻结）',
  `ACCOUNT_TYPE` varchar(2) DEFAULT '2' COMMENT '提成比例编号',
  `REG_IP` varchar(50) DEFAULT NULL COMMENT '账户绑定IP',
  `REG_MAC` varchar(50) DEFAULT NULL COMMENT '账户绑定mac',
  `EMPLOYE_NO` varchar(100) DEFAULT NULL COMMENT '员工编号',
  `IS_MARRAY` varchar(1) DEFAULT NULL COMMENT '是否已婚（1：已结婚、2：未结婚）',
  `REMARK` varchar(400) DEFAULT NULL COMMENT '备注',
  `STATUS` varchar(100) DEFAULT 'Y' COMMENT '状态（Y正常,N禁用）',
  `CREATE_TIME` timestamp NULL DEFAULT CURRENT_TIMESTAMP COMMENT '创建时间',
  `CREATE_USER_ID` varchar(100) NOT NULL COMMENT '创建人编号(SYS_USER_INFO.USER_ID)',
  `CREATE_USER_NAME` varchar(100) NOT NULL COMMENT '创建人姓名(SYS_USER_INFO.USER_NAME)',
  `CREATE_DEPART_ID` varchar(100) DEFAULT NULL COMMENT '创建人所属科室编号(SYS_DEPART_INFO.DEPART_ID)',
  `CREATE_DEPART_NAME` varchar(100) DEFAULT NULL COMMENT '创建人所属科室名称(SYS_DEPART_INFO.DEPART_NAME)',
  `LAST_UPDATE_TIME` datetime DEFAULT NULL COMMENT '最后更新时间',
  `LAST_UPDATE_USER_ID` varchar(100) DEFAULT NULL COMMENT '最后更新人编号(SYS_USER_INFO.USER_ID)',
  `LAST_UPDATE_USER_NAME` varchar(100) DEFAULT NULL COMMENT '最后更新人姓名(SYS_USER_INFO.USER_NAME)',
  `LAST_UPDATE_DEPART_ID` varchar(100) DEFAULT NULL COMMENT '最后更新所属科室编号(SYS_DEPART_INFO.DEPART_ID)',
  `LAST_UPDATE_DEPART_NAME` varchar(100) DEFAULT NULL COMMENT '最后更新所属科室名称(SYS_DEPART_INFO.DEPART_NAME)',
  PRIMARY KEY (`USER_ID`),
  UNIQUE KEY `UK_sys_user_info` (`LOGIN_NAME`)
) ENGINE=InnoDB AUTO_INCREMENT=3517 DEFAULT CHARSET=utf8;

/*Data for the table `sys_user_info` */

insert  into `sys_user_info`(`USER_ID`,`USER_NAME`,`LOGIN_NAME`,`LOGIN_PWD`,`DEPART_ID`,`DEPART_NAME`,`DEPART_POWER`,`position`,`SEX`,`PHONE`,`EMAIL`,`QQ`,`BRITHDAY`,`wx_open_id`,`WX_NICK_NAME`,`WX_HEAD_IMG_URL`,`IS_ONLINE`,`LASTLOGINTIME`,`STATE`,`ACCOUNT_TYPE`,`REG_IP`,`REG_MAC`,`EMPLOYE_NO`,`IS_MARRAY`,`REMARK`,`STATUS`,`CREATE_TIME`,`CREATE_USER_ID`,`CREATE_USER_NAME`,`CREATE_DEPART_ID`,`CREATE_DEPART_NAME`,`LAST_UPDATE_TIME`,`LAST_UPDATE_USER_ID`,`LAST_UPDATE_USER_NAME`,`LAST_UPDATE_DEPART_ID`,`LAST_UPDATE_DEPART_NAME`) values (0000000001,'系统管理员','admin','670b14728ad9902aecba32e22fa4f6bd','','',NULL,'1','男','','',NULL,'','',NULL,NULL,'N',NULL,'1','',NULL,NULL,NULL,NULL,NULL,'Y','2017-02-15 22:36:34','0000000001','系统管理员',NULL,NULL,'2017-02-16 14:46:45','0000000001','系统管理员','',''),(0000003511,'刘备（外协经理）','lb','202cb962ac59075b964b07152d234b70','','',NULL,'0','男','1111111111','1111111111',NULL,'',NULL,NULL,NULL,'N',NULL,'1','17',NULL,NULL,NULL,'N',NULL,'Y','2018-01-02 14:40:19','0000000001','系统管理员','','',NULL,NULL,NULL,NULL,NULL),(0000003512,'张飞（采购经理）','zf','202cb962ac59075b964b07152d234b70','','',NULL,'2','男','12343332323','',NULL,'',NULL,NULL,NULL,'N',NULL,'1','18',NULL,NULL,NULL,'N',NULL,'Y','2018-01-02 14:40:58','0000000001','系统管理员','','',NULL,NULL,NULL,NULL,NULL),(0000003513,'关羽（检验经理）','gy','202cb962ac59075b964b07152d234b70','','',NULL,'3','男','123333322222','',NULL,'',NULL,NULL,NULL,'N',NULL,'1','19',NULL,NULL,NULL,'N',NULL,'Y','2018-01-02 14:41:55','0000000001','系统管理员','','',NULL,NULL,NULL,NULL,NULL),(0000003514,'小乔（采购员）','xq','202cb962ac59075b964b07152d234b70','','',NULL,'4','男','133344444','',NULL,'',NULL,NULL,NULL,'N',NULL,'1','19',NULL,NULL,NULL,'N',NULL,'Y','2018-01-02 14:42:32','0000000001','系统管理员','','',NULL,NULL,NULL,NULL,NULL),(0000003515,'貂蝉（检验员）','dc','202cb962ac59075b964b07152d234b70','','',NULL,'5','男','12343343343','',NULL,'',NULL,NULL,NULL,'N',NULL,'1','19',NULL,NULL,NULL,'N',NULL,'Y','2018-01-02 14:43:13','0000000001','系统管理员','','',NULL,NULL,NULL,NULL,NULL),(0000003516,'曹操（核价经理）','cc','202cb962ac59075b964b07152d234b70','','',NULL,'1','男','2323232323','',NULL,'',NULL,NULL,NULL,'N',NULL,'1','17',NULL,NULL,NULL,'N',NULL,'Y','2018-01-02 14:44:01','0000000001','系统管理员','','',NULL,NULL,NULL,NULL,NULL);

/*Table structure for table `sys_user_role` */

DROP TABLE IF EXISTS `sys_user_role`;

CREATE TABLE `sys_user_role` (
  `USER_ID` varchar(10) NOT NULL COMMENT '用户id',
  `ROLE_ID` varchar(100) NOT NULL COMMENT '角色id',
  `REMARK` varchar(100) DEFAULT NULL COMMENT '备注',
  `STATUS` varchar(100) DEFAULT 'Y' COMMENT '状态（Y正常,N禁用）',
  `CREATE_TIME` timestamp NULL DEFAULT CURRENT_TIMESTAMP COMMENT '创建时间',
  `CREATE_USER_ID` varchar(100) NOT NULL COMMENT '创建人编号(SYS_USER_INFO.USER_ID)',
  `CREATE_USER_NAME` varchar(100) NOT NULL COMMENT '创建人姓名(SYS_USER_INFO.USER_NAME)',
  `CREATE_DEPART_ID` varchar(100) DEFAULT NULL COMMENT '创建人所属科室编号(SYS_DEPART_INFO.DEPART_ID)',
  `CREATE_DEPART_NAME` varchar(100) DEFAULT NULL COMMENT '创建人所属科室名称(SYS_DEPART_INFO.DEPART_NAME)',
  `LAST_UPDATE_TIME` datetime DEFAULT NULL COMMENT '最后更新时间',
  `LAST_UPDATE_USER_ID` varchar(100) DEFAULT NULL COMMENT '最后更新人编号(SYS_USER_INFO.USER_ID)',
  `LAST_UPDATE_USER_NAME` varchar(100) DEFAULT NULL COMMENT '最后更新人姓名(SYS_USER_INFO.USER_NAME)',
  `LAST_UPDATE_DEPART_ID` varchar(100) DEFAULT NULL COMMENT '最后更新所属科室编号(SYS_DEPART_INFO.DEPART_ID)',
  `LAST_UPDATE_DEPART_NAME` varchar(100) DEFAULT NULL COMMENT '最后更新所属科室名称(SYS_DEPART_INFO.DEPART_NAME)',
  UNIQUE KEY `UK_sys_user_role` (`USER_ID`,`ROLE_ID`)
) ENGINE=InnoDB DEFAULT CHARSET=utf8;

/*Data for the table `sys_user_role` */

insert  into `sys_user_role`(`USER_ID`,`ROLE_ID`,`REMARK`,`STATUS`,`CREATE_TIME`,`CREATE_USER_ID`,`CREATE_USER_NAME`,`CREATE_DEPART_ID`,`CREATE_DEPART_NAME`,`LAST_UPDATE_TIME`,`LAST_UPDATE_USER_ID`,`LAST_UPDATE_USER_NAME`,`LAST_UPDATE_DEPART_ID`,`LAST_UPDATE_DEPART_NAME`) values ('0000000001','001001001002001',NULL,'Y','2018-01-02 16:12:10','0000000001','系统管理员','','',NULL,NULL,NULL,NULL,NULL),('0000000001','001001001002002',NULL,'Y','2018-01-02 16:12:10','0000000001','系统管理员','','',NULL,NULL,NULL,NULL,NULL),('0000000001','001001001002003',NULL,'Y','2018-01-02 16:12:10','0000000001','系统管理员','','',NULL,NULL,NULL,NULL,NULL),('0000000001','001001001002004',NULL,'Y','2018-01-02 16:12:10','0000000001','系统管理员','','',NULL,NULL,NULL,NULL,NULL),('0000000001','001001001002005',NULL,'Y','2018-01-02 16:12:10','0000000001','系统管理员','','',NULL,NULL,NULL,NULL,NULL),('0000000001','001001001002006',NULL,'Y','2018-01-02 16:12:10','0000000001','系统管理员','','',NULL,NULL,NULL,NULL,NULL),('0000000001','001001001002007',NULL,'Y','2018-01-02 16:12:10','0000000001','系统管理员','','',NULL,NULL,NULL,NULL,NULL),('0000003511','001001001002002',NULL,'Y','2018-01-02 14:40:19','0000000001','系统管理员','','',NULL,NULL,NULL,NULL,NULL),('0000003512','001001001002003',NULL,'Y','2018-01-02 14:40:58','0000000001','系统管理员','','',NULL,NULL,NULL,NULL,NULL),('0000003513','001001001002004',NULL,'Y','2018-01-02 14:41:55','0000000001','系统管理员','','',NULL,NULL,NULL,NULL,NULL),('0000003514','001001001002005',NULL,'Y','2018-01-02 14:42:32','0000000001','系统管理员','','',NULL,NULL,NULL,NULL,NULL),('0000003515','001001001002006',NULL,'Y','2018-01-02 14:43:13','0000000001','系统管理员','','',NULL,NULL,NULL,NULL,NULL),('0000003516','001001001002007',NULL,'Y','2018-01-02 14:44:01','0000000001','系统管理员','','',NULL,NULL,NULL,NULL,NULL);

/*!40101 SET SQL_MODE=@OLD_SQL_MODE */;
/*!40014 SET FOREIGN_KEY_CHECKS=@OLD_FOREIGN_KEY_CHECKS */;
/*!40014 SET UNIQUE_CHECKS=@OLD_UNIQUE_CHECKS */;
/*!40111 SET SQL_NOTES=@OLD_SQL_NOTES */;
